MONTH,BOROUGH,BOROUGH_ID,COMMUNITYDISTRICT,BORO_CD,REFUSETONSCOLLECTED,PAPERTONSCOLLECTED,MGPTONSCOLLECTED
2021 / 09,Manhattan,1,01,101,274.1,101.7,49.4
2021 / 09,Manhattan,1,02,102,452.5,101.5,60.2
2021 / 09,Manhattan,1,03,103,733.4,114.4,76.9
2021 / 09,Manhattan,1,04,104,565.8,163.3,87.7
2021 / 09,Manhattan,1,05,105,293.8,69.3,42
2021 / 09,Manhattan,1,06,106,654.6,158.5,91.1
2021 / 09,Manhattan,1,07,107,1063.4,256.8,148.6
2021 / 09,Manhattan,1,08,108,1039.3,267.4,154.9
2021 / 09,Manhattan,1,09,109,565.8,81.2,66.8
2021 / 09,Manhattan,1,10,110,646.6,77.7,60.5
2021 / 09,Manhattan,1,11,111,584.1,59.5,42.8
2021 / 09,Manhattan,1,12,112,1024,123.3,123.5
2021 / 09,Bronx,2,01,201,548.2,24.3,31.8
2021 / 09,Bronx,2,02,202,404.9,34.8,40.4
2021 / 09,Bronx,2,03,203,514.1,35.4,45.6
2021 / 09,Bronx,2,04,204,888,71.3,84.5
2021 / 09,Bronx,2,05,205,746.8,69,88.3
2021 / 09,Bronx,2,06,206,550.1,49.9,54.6
2021 / 09,Bronx,2,07,207,764.6,73.1,132.3
2021 / 09,Bronx,2,08,208,568.5,78.1,75.6
2021 / 09,Bronx,2,09,209,939.6,69.1,91.9
2021 / 09,Bronx,2,10,210,790.7,98,107.5
2021 / 09,Bronx,2,11,211,885.2,84.5,94.2
2021 / 09,Bronx,2,12,212,1100.3,86.2,137.8
2021 / 09,Brooklyn,3,01,301,1598.4,194.9,133.1
2021 / 09,Brooklyn,3,02,302,614,129.4,95.1
2021 / 09,Brooklyn,3,03,303,1268.2,125.8,103.9
2021 / 09,Brooklyn,3,04,304,921.4,79.3,94
2021 / 09,Brooklyn,3,05,305,1290.5,72.7,108.9
2021 / 09,Brooklyn,3,06,306,563.2,136.4,92.4
2021 / 09,Brooklyn,3,07,307,824,98.5,88.8
2021 / 09,Brooklyn,3,08,308,588.6,72.1,62.3
2021 / 09,Brooklyn,3,09,309,661,84.5,71.3
2021 / 09,Brooklyn,3,10,310,950.5,133.9,117.2
2021 / 09,Brooklyn,3,11,311,1421.7,150.5,130.3
2021 / 09,Brooklyn,3,12,312,2022.6,248.6,105.8
2021 / 09,Brooklyn,3,13,313,466,46.1,58.7
2021 / 09,Brooklyn,3,14,314,1164.2,118.8,96.1
2021 / 09,Brooklyn,3,15,315,1162.4,129.5,112.7
2021 / 09,Brooklyn,3,16,316,507.8,31.9,45.8
2021 / 09,Brooklyn,3,17,317,1055.1,77,109.6
2021 / 09,Brooklyn,3,18,318,1454.6,128.2,156.2
2021 / 09,Queens,4,01,401,1009.1,157.5,134.3
2021 / 09,Queens,4,02,402,763.6,133.1,99.2
2021 / 09,Queens,4,03,403,1158.6,93.7,115.1
2021 / 09,Queens,4,04,404,1124.4,94.6,146.3
2021 / 09,Queens,4,05,405,1429.4,177.5,182.3
2021 / 09,Queens,4,06,406,705.1,103.3,88.6
2021 / 09,Queens,4,07,407,2045,216.3,195.2
2021 / 09,Queens,4,08,408,942.7,139.9,93.7
2021 / 09,Queens,4,09,409,960.6,106,129.4
2021 / 09,Queens,4,10,410,979.5,88.2,115.9
2021 / 09,Queens,4,11,411,826.1,122.8,113.2
2021 / 09,Queens,4,12,412,1584.6,115.9,197.3
2021 / 09,Queens,4,13,413,1400.9,109.9,199.8
2021 / 09,Queens,4,14,414,740.9,67,67
2021 / 09,Staten Island,5,01,501,1217.7,141.5,161.9
2021 / 09,Staten Island,5,02,502,995.4,119.8,138.8
2021 / 09,Staten Island,5,03,503,1620.4,208.6,201.1
2021 / 08,Manhattan,1,01,101,1254.9,352.8,208.5
2021 / 08,Manhattan,1,02,102,1794.5,428.9,277.4
2021 / 08,Manhattan,1,03,103,2862.9,362.7,268
2021 / 08,Manhattan,1,04,104,2360.5,476.6,333.8
2021 / 08,Manhattan,1,05,105,1263.9,290.4,170.6
2021 / 08,Manhattan,1,06,106,2741.8,522.6,345.6
2021 / 08,Manhattan,1,07,107,4148,950.3,650.3
2021 / 08,Manhattan,1,08,108,4471.3,962.2,624.7
2021 / 08,Manhattan,1,09,109,2213.2,247.9,237.1
2021 / 08,Manhattan,1,10,110,2763.8,266.3,251.3
2021 / 08,Manhattan,1,11,111,2337.2,208.4,179.3
2021 / 08,Manhattan,1,12,112,4901.7,450.4,485.4
2021 / 08,Bronx,2,01,201,2298.3,166.8,177
2021 / 08,Bronx,2,02,202,1677.2,111.7,149.6
2021 / 08,Bronx,2,03,203,2301.8,149,218.2
2021 / 08,Bronx,2,04,204,4178.1,326,405.2
2021 / 08,Bronx,2,05,205,3588.5,258.2,399.3
2021 / 08,Bronx,2,06,206,2541.9,168.3,218.4
2021 / 08,Bronx,2,07,207,3817.6,349.2,559.7
2021 / 08,Bronx,2,08,208,2404.1,324,388.5
2021 / 08,Bronx,2,09,209,4071.9,238.4,388.1
2021 / 08,Bronx,2,10,210,2841.3,300.4,377.1
2021 / 08,Bronx,2,11,211,3362.4,281.5,348
2021 / 08,Bronx,2,12,212,4475.6,372.7,622.2
2021 / 08,Brooklyn,3,01,301,5442.7,694.7,497.3
2021 / 08,Brooklyn,3,02,302,2578.5,503.8,383.1
2021 / 08,Brooklyn,3,03,303,4550.8,493.1,430.6
2021 / 08,Brooklyn,3,04,304,3731.7,314.2,386.9
2021 / 08,Brooklyn,3,05,305,5357.7,290.3,491
2021 / 08,Brooklyn,3,06,306,2252.2,503.5,370.7
2021 / 08,Brooklyn,3,07,307,3517.7,414.8,385.5
2021 / 08,Brooklyn,3,08,308,2891.6,360.9,334.2
2021 / 08,Brooklyn,3,09,309,3159.6,298.1,246.6
2021 / 08,Brooklyn,3,10,310,3557,466.2,445
2021 / 08,Brooklyn,3,11,311,5422.6,562.6,528.4
2021 / 08,Brooklyn,3,12,312,5864.3,682,342.1
2021 / 08,Brooklyn,3,13,313,2293.4,187.2,238.8
2021 / 08,Brooklyn,3,14,314,4938.3,485.8,414.5
2021 / 08,Brooklyn,3,15,315,4592.1,497.6,479.1
2021 / 08,Brooklyn,3,16,316,2596.7,114.8,170.2
2021 / 08,Brooklyn,3,17,317,5071,334.6,496.4
2021 / 08,Brooklyn,3,18,318,6254.2,534.4,660.4
2021 / 08,Queens,4,01,401,4166,618.7,615.8
2021 / 08,Queens,4,02,402,3287.7,460.2,400.5
2021 / 08,Queens,4,03,403,5233.3,351.4,485.6
2021 / 08,Queens,4,04,404,4350.3,326.8,636.6
2021 / 08,Queens,4,05,405,5160.2,591.2,671.3
2021 / 08,Queens,4,06,406,2908.3,388,372.1
2021 / 08,Queens,4,07,407,7312.9,753.5,771.5
2021 / 08,Queens,4,08,408,4110.8,439.1,396.7
2021 / 08,Queens,4,09,409,4420.7,462.2,572.3
2021 / 08,Queens,4,10,410,4363.8,365.4,548.4
2021 / 08,Queens,4,11,411,3325.2,444,434.7
2021 / 08,Queens,4,12,412,8055.1,526.8,911.3
2021 / 08,Queens,4,13,413,6337.2,459.2,887.4
2021 / 08,Queens,4,14,414,3648.4,256.2,268.8
2021 / 08,Staten Island,5,01,501,6147.1,610.9,729.6
2021 / 08,Staten Island,5,02,502,4724.2,494.7,589.4
2021 / 08,Staten Island,5,03,503,6115,695.9,697.6
2021 / 07,Manhattan,1,01,101,1317.3,424.5,259.5
2021 / 07,Manhattan,1,02,102,1850.3,410.9,263.2
2021 / 07,Manhattan,1,03,103,2945.5,412.4,325.5
2021 / 07,Manhattan,1,04,104,2445.7,610.4,408.6
2021 / 07,Manhattan,1,05,105,1281.4,290.9,168
2021 / 07,Manhattan,1,06,106,2819.8,663.6,437.2
2021 / 07,Manhattan,1,07,107,4385.4,1064.6,730.4
2021 / 07,Manhattan,1,08,108,4657.4,1096,715.9
2021 / 07,Manhattan,1,09,109,2300.2,298.8,304
2021 / 07,Manhattan,1,10,110,2873.9,289.2,271.3
2021 / 07,Manhattan,1,11,111,2448.6,221.7,190.8
2021 / 07,Manhattan,1,12,112,5116.1,505.5,539.4
2021 / 07,Bronx,2,01,201,2354.7,146.2,151.2
2021 / 07,Bronx,2,02,202,1766.4,157.9,189.9
2021 / 07,Bronx,2,03,203,2368.1,140.6,204.2
2021 / 07,Bronx,2,04,204,4313.3,339.1,403.5
2021 / 07,Bronx,2,05,205,3776,294.1,406.4
2021 / 07,Bronx,2,06,206,2534.9,211.4,243.4
2021 / 07,Bronx,2,07,207,3945.4,372.9,576.5
2021 / 07,Bronx,2,08,208,2536.2,338.1,375.3
2021 / 07,Bronx,2,09,209,4327,293.8,456.7
2021 / 07,Bronx,2,10,210,3022.3,357.5,458.6
2021 / 07,Bronx,2,11,211,3623.2,341.1,393
2021 / 07,Bronx,2,12,212,4864,428.1,681.4
2021 / 07,Brooklyn,3,01,301,5117.6,719.4,563.3
2021 / 07,Brooklyn,3,02,302,2766.5,525.2,417.1
2021 / 07,Brooklyn,3,03,303,4510.9,460,440.3
2021 / 07,Brooklyn,3,04,304,3787.1,349.9,435
2021 / 07,Brooklyn,3,05,305,5567.7,308.5,491.5
2021 / 07,Brooklyn,3,06,306,2402.3,560,410.6
2021 / 07,Brooklyn,3,07,307,3828.6,432,412.6
2021 / 07,Brooklyn,3,08,308,3023,334.4,306.6
2021 / 07,Brooklyn,3,09,309,3331.1,328.6,291
2021 / 07,Brooklyn,3,10,310,3853.5,499.7,466.9
2021 / 07,Brooklyn,3,11,311,5572.8,617.9,562.5
2021 / 07,Brooklyn,3,12,312,5460.7,579.6,353.2
2021 / 07,Brooklyn,3,13,313,2346.8,214.6,251
2021 / 07,Brooklyn,3,14,314,5210.8,480.1,431
2021 / 07,Brooklyn,3,15,315,4747.8,542.6,507.2
2021 / 07,Brooklyn,3,16,316,2791,129.4,210.9
2021 / 07,Brooklyn,3,17,317,5466.5,368.8,527.7
2021 / 07,Brooklyn,3,18,318,6844.4,595.6,739.5
2021 / 07,Queens,4,01,401,4427,667.7,641.5
2021 / 07,Queens,4,02,402,3426.7,474.7,424.8
2021 / 07,Queens,4,03,403,5570.9,431.3,550.2
2021 / 07,Queens,4,04,404,4554.2,388.8,687.7
2021 / 07,Queens,4,05,405,5448,658.5,764
2021 / 07,Queens,4,06,406,3048.8,443.6,417.1
2021 / 07,Queens,4,07,407,7617.5,881.8,863
2021 / 07,Queens,4,08,408,4245.6,494.1,447.1
2021 / 07,Queens,4,09,409,4564.9,481.9,617.1
2021 / 07,Queens,4,10,410,4564.7,406.1,615.9
2021 / 07,Queens,4,11,411,3471.4,491.2,472.1
2021 / 07,Queens,4,12,412,8470.8,602.5,1071.5
2021 / 07,Queens,4,13,413,6745.2,519.9,1039.2
2021 / 07,Queens,4,14,414,3742.9,294.4,335.1
2021 / 07,Staten Island,5,01,501,6406.8,683.2,809.2
2021 / 07,Staten Island,5,02,502,4960.9,561.4,670.1
2021 / 07,Staten Island,5,03,503,6482.9,834.3,800.1
2021 / 06,Manhattan,1,01,101,1386.3,380.4,229.6
2021 / 06,Manhattan,1,02,102,2010.7,505.2,332.3
2021 / 06,Manhattan,1,03,103,3017.9,403.8,318.2
2021 / 06,Manhattan,1,04,104,2492.7,514.2,367.9
2021 / 06,Manhattan,1,05,105,1315.1,319.8,190.9
2021 / 06,Manhattan,1,06,106,2877.2,551.6,378.8
2021 / 06,Manhattan,1,07,107,4783.4,1057.1,741.5
2021 / 06,Manhattan,1,08,108,5025.8,1129.1,743.6
2021 / 06,Manhattan,1,09,109,2377.2,261.4,261.9
2021 / 06,Manhattan,1,10,110,2939.2,296.3,280.1
2021 / 06,Manhattan,1,11,111,2485.1,258.9,209.1
2021 / 06,Manhattan,1,12,112,5257.8,511.8,547.1
2021 / 06,Bronx,2,01,201,2415,172.2,176.4
2021 / 06,Bronx,2,02,202,1731.7,113.9,152.6
2021 / 06,Bronx,2,03,203,2405.5,190.4,244.3
2021 / 06,Bronx,2,04,204,4422.1,342.5,420.5
2021 / 06,Bronx,2,05,205,3809.7,299,417
2021 / 06,Bronx,2,06,206,2651.9,261.6,300
2021 / 06,Bronx,2,07,207,4055.1,386.8,597.4
2021 / 06,Bronx,2,08,208,2682.3,371.8,421.5
2021 / 06,Bronx,2,09,209,4345.4,276.2,428.2
2021 / 06,Bronx,2,10,210,3086,330.8,433.3
2021 / 06,Bronx,2,11,211,3613.1,327.3,401.3
2021 / 06,Bronx,2,12,212,4864.9,434.9,678.8
2021 / 06,Brooklyn,3,01,301,5909.5,760.7,579.7
2021 / 06,Brooklyn,3,02,302,2851.5,569.1,453.1
2021 / 06,Brooklyn,3,03,303,4934.2,542.3,484.6
2021 / 06,Brooklyn,3,04,304,3877.5,327.8,420.3
2021 / 06,Brooklyn,3,05,305,5684.1,341.4,528.6
2021 / 06,Brooklyn,3,06,306,2506.7,581.2,437.1
2021 / 06,Brooklyn,3,07,307,3846.8,464.2,435.1
2021 / 06,Brooklyn,3,08,308,3114.1,401.6,363.5
2021 / 06,Brooklyn,3,09,309,3513.4,328,279.6
2021 / 06,Brooklyn,3,10,310,3908,533,496.6
2021 / 06,Brooklyn,3,11,311,5902.7,618.8,570
2021 / 06,Brooklyn,3,12,312,6877.2,684.4,390.7
2021 / 06,Brooklyn,3,13,313,2417.8,214.3,260.4
2021 / 06,Brooklyn,3,14,314,5453.9,528,464.7
2021 / 06,Brooklyn,3,15,315,5237.2,601.1,548.2
2021 / 06,Brooklyn,3,16,316,2725.9,118.7,198
2021 / 06,Brooklyn,3,17,317,5453.4,364.9,524.9
2021 / 06,Brooklyn,3,18,318,6866,623.3,717.2
2021 / 06,Queens,4,01,401,4460.3,684.6,684.9
2021 / 06,Queens,4,02,402,3505.5,493.1,439.8
2021 / 06,Queens,4,03,403,5655.1,406.2,535.9
2021 / 06,Queens,4,04,404,4647.1,379.4,676
2021 / 06,Queens,4,05,405,5657,655,785.6
2021 / 06,Queens,4,06,406,3187.8,433.9,411
2021 / 06,Queens,4,07,407,7782.1,836.2,841.6
2021 / 06,Queens,4,08,408,4328,474,437.1
2021 / 06,Queens,4,09,409,4777.7,486.3,648.8
2021 / 06,Queens,4,10,410,4743,407.8,651.9
2021 / 06,Queens,4,11,411,3598.2,495.9,493.5
2021 / 06,Queens,4,12,412,8557.8,568.9,1017.6
2021 / 06,Queens,4,13,413,7021.3,509,1058
2021 / 06,Queens,4,14,414,3850.4,273.9,307.6
2021 / 06,Staten Island,5,01,501,6633.9,683.7,876.2
2021 / 06,Staten Island,5,02,502,5203.1,573.6,697.7
2021 / 06,Staten Island,5,03,503,6995,834.7,826.5
2021 / 05,Manhattan,1,01,101,1294.2,393.6,247.8
2021 / 05,Manhattan,1,02,102,1859,450.8,315.5
2021 / 05,Manhattan,1,03,103,2666.7,367,313
2021 / 05,Manhattan,1,04,104,2251.4,505.3,385.3
2021 / 05,Manhattan,1,05,105,1219.4,267.9,172.6
2021 / 05,Manhattan,1,06,106,2654.3,536.7,399.7
2021 / 05,Manhattan,1,07,107,4305.1,1018.5,742.9
2021 / 05,Manhattan,1,08,108,4717.8,1088.8,761.3
2021 / 05,Manhattan,1,09,109,2110,263.3,275.2
2021 / 05,Manhattan,1,10,110,2617.4,261.3,259.6
2021 / 05,Manhattan,1,11,111,2217.2,214.3,194.3
2021 / 05,Manhattan,1,12,112,4586.6,463.9,501.9
2021 / 05,Bronx,2,01,201,2152.2,147.8,150.8
2021 / 05,Bronx,2,02,202,1588.2,119.1,153.8
2021 / 05,Bronx,2,03,203,2138,147.6,191.9
2021 / 05,Bronx,2,04,204,3946.4,303.5,385
2021 / 05,Bronx,2,05,205,3501.7,262.8,386
2021 / 05,Bronx,2,06,206,2321.7,206.4,231.1
2021 / 05,Bronx,2,07,207,3661,348.6,523.1
2021 / 05,Bronx,2,08,208,2389.5,313.9,379.5
2021 / 05,Bronx,2,09,209,3926.9,270.1,411.8
2021 / 05,Bronx,2,10,210,2847.4,327.7,423.4
2021 / 05,Bronx,2,11,211,3270.4,302.2,373.7
2021 / 05,Bronx,2,12,212,4260.3,371.4,610.2
2021 / 05,Brooklyn,3,01,301,5807.5,775.4,539
2021 / 05,Brooklyn,3,02,302,2587.2,518.5,427.9
2021 / 05,Brooklyn,3,03,303,4367,443.1,420.7
2021 / 05,Brooklyn,3,04,304,3453.8,292,403.1
2021 / 05,Brooklyn,3,05,305,5043.1,280.1,447.7
2021 / 05,Brooklyn,3,06,306,2242.9,538.1,426.6
2021 / 05,Brooklyn,3,07,307,3421.6,400.8,389
2021 / 05,Brooklyn,3,08,308,2670.2,311.7,298.9
2021 / 05,Brooklyn,3,09,309,3032.3,300.4,263.3
2021 / 05,Brooklyn,3,10,310,3460.6,461.7,446.8
2021 / 05,Brooklyn,3,11,311,5291.9,555.4,539
2021 / 05,Brooklyn,3,12,312,6708.4,659.2,385.6
2021 / 05,Brooklyn,3,13,313,2147.4,179.1,231.5
2021 / 05,Brooklyn,3,14,314,4887.6,470,443.8
2021 / 05,Brooklyn,3,15,315,4803.8,535.2,513.8
2021 / 05,Brooklyn,3,16,316,2390.8,118.9,193.5
2021 / 05,Brooklyn,3,17,317,4701.9,326.9,472.9
2021 / 05,Brooklyn,3,18,318,6067.6,550.4,660.9
2021 / 05,Queens,4,01,401,4072.9,593,631
2021 / 05,Queens,4,02,402,3162.5,425.6,397.7
2021 / 05,Queens,4,03,403,5124.7,367.1,503.7
2021 / 05,Queens,4,04,404,4145.9,333.2,617.1
2021 / 05,Queens,4,05,405,5140.9,581.9,738.2
2021 / 05,Queens,4,06,406,2858.5,385.7,384.6
2021 / 05,Queens,4,07,407,7012.6,752.7,783.9
2021 / 05,Queens,4,08,408,3923.6,415.7,413.7
2021 / 05,Queens,4,09,409,4335.1,419.5,605.8
2021 / 05,Queens,4,10,410,4294.1,357.3,585
2021 / 05,Queens,4,11,411,3309.8,433.7,455.1
2021 / 05,Queens,4,12,412,7684,524.8,953.1
2021 / 05,Queens,4,13,413,6376.9,444.7,965.7
2021 / 05,Queens,4,14,414,3419,254.8,300.2
2021 / 05,Staten Island,5,01,501,5983.9,596.2,786.4
2021 / 05,Staten Island,5,02,502,4751.9,511.2,644.9
2021 / 05,Staten Island,5,03,503,6586.2,750.1,784.7
2021 / 04,Manhattan,1,01,101,1250.6,413,273.4
2021 / 04,Manhattan,1,02,102,1826.6,438.8,310.4
2021 / 04,Manhattan,1,03,103,2716.2,378.6,328.8
2021 / 04,Manhattan,1,04,104,2226.8,526,425.2
2021 / 04,Manhattan,1,05,105,1200.9,289,184.2
2021 / 04,Manhattan,1,06,106,2606.9,584,443.8
2021 / 04,Manhattan,1,07,107,4277,1031.1,777.6
2021 / 04,Manhattan,1,08,108,4566.1,1089.7,766.2
2021 / 04,Manhattan,1,09,109,2111.7,274.1,291.4
2021 / 04,Manhattan,1,10,110,2667.2,304.7,286.8
2021 / 04,Manhattan,1,11,111,2250,205.3,189.6
2021 / 04,Manhattan,1,12,112,4742.4,501.7,541.5
2021 / 04,Bronx,2,01,201,2236.8,168.5,166.3
2021 / 04,Bronx,2,02,202,1642.9,156.9,193
2021 / 04,Bronx,2,03,203,2187.1,159.2,192.4
2021 / 04,Bronx,2,04,204,4051.9,308.2,391.5
2021 / 04,Bronx,2,05,205,3527.2,258.3,379.7
2021 / 04,Bronx,2,06,206,2368.4,213.1,231.4
2021 / 04,Bronx,2,07,207,3716.7,374.7,570.9
2021 / 04,Bronx,2,08,208,2411.2,320.8,388.4
2021 / 04,Bronx,2,09,209,3941.4,282.1,429
2021 / 04,Bronx,2,10,210,2800.2,346.9,427.2
2021 / 04,Bronx,2,11,211,3304.4,332.3,387.7
2021 / 04,Bronx,2,12,212,4213.6,412.3,638.4
2021 / 04,Brooklyn,3,01,301,5864.9,828.5,581
2021 / 04,Brooklyn,3,02,302,2542.2,532.3,429.4
2021 / 04,Brooklyn,3,03,303,4474.4,466,436.6
2021 / 04,Brooklyn,3,04,304,3449.7,318.1,420.9
2021 / 04,Brooklyn,3,05,305,5067.5,310.4,492.7
2021 / 04,Brooklyn,3,06,306,2279.5,568.7,458.5
2021 / 04,Brooklyn,3,07,307,3389.8,405.1,414.5
2021 / 04,Brooklyn,3,08,308,2728.8,347.8,322.9
2021 / 04,Brooklyn,3,09,309,3027.2,329,288.6
2021 / 04,Brooklyn,3,10,310,3553,488.9,473
2021 / 04,Brooklyn,3,11,311,5246.9,579.4,576.3
2021 / 04,Brooklyn,3,12,312,6729.3,752.6,431.2
2021 / 04,Brooklyn,3,13,313,2146.4,205.7,257.4
2021 / 04,Brooklyn,3,14,314,4944,492,453.7
2021 / 04,Brooklyn,3,15,315,4730.9,556.7,528.6
2021 / 04,Brooklyn,3,16,316,2465.1,133.8,198.9
2021 / 04,Brooklyn,3,17,317,4661.7,350.5,499.6
2021 / 04,Brooklyn,3,18,318,5907.3,581,677.1
2021 / 04,Queens,4,01,401,4092.1,629.9,652.4
2021 / 04,Queens,4,02,402,3166.6,444.2,427.8
2021 / 04,Queens,4,03,403,5218.1,400.6,540.5
2021 / 04,Queens,4,04,404,4180.4,353.5,644.5
2021 / 04,Queens,4,05,405,5187.4,625.1,794.3
2021 / 04,Queens,4,06,406,2845.7,410.2,424.1
2021 / 04,Queens,4,07,407,6887.6,775.6,813
2021 / 04,Queens,4,08,408,3848.5,445,436.9
2021 / 04,Queens,4,09,409,4269.8,424.6,626
2021 / 04,Queens,4,10,410,4129.6,354.2,615.5
2021 / 04,Queens,4,11,411,3190.4,453.3,472.9
2021 / 04,Queens,4,12,412,7389.6,546.4,962.2
2021 / 04,Queens,4,13,413,5923.4,458.9,968.7
2021 / 04,Queens,4,14,414,3306.7,268.8,327.5
2021 / 04,Staten Island,5,01,501,5917.2,642.9,808.3
2021 / 04,Staten Island,5,02,502,4633.8,546.5,654.1
2021 / 04,Staten Island,5,03,503,6330,801.7,803.6
2021 / 03,Manhattan,1,01,101,1297.1,363.6,240.1
2021 / 03,Manhattan,1,02,102,1918.7,479.4,345.6
2021 / 03,Manhattan,1,03,103,2870.2,363.5,322.4
2021 / 03,Manhattan,1,04,104,2308.8,454,384.5
2021 / 03,Manhattan,1,05,105,1243,288.3,198.3
2021 / 03,Manhattan,1,06,106,2721.4,501.2,391.6
2021 / 03,Manhattan,1,07,107,4539.3,1005.4,772.6
2021 / 03,Manhattan,1,08,108,4723.3,1059.9,776.1
2021 / 03,Manhattan,1,09,109,2230.2,244.4,262.4
2021 / 03,Manhattan,1,10,110,2807.6,296.1,285.3
2021 / 03,Manhattan,1,11,111,2288.5,240.2,220
2021 / 03,Manhattan,1,12,112,5074.6,504.5,553.9
2021 / 03,Bronx,2,01,201,2324.2,176,183.1
2021 / 03,Bronx,2,02,202,1710.1,123.9,146.9
2021 / 03,Bronx,2,03,203,2298.9,193.1,239.3
2021 / 03,Bronx,2,04,204,4341.1,326.3,425
2021 / 03,Bronx,2,05,205,3715.8,270.8,409.7
2021 / 03,Bronx,2,06,206,2530.2,267.4,271.7
2021 / 03,Bronx,2,07,207,3978.8,375.5,593.2
2021 / 03,Bronx,2,08,208,2507.8,362.3,425.6
2021 / 03,Bronx,2,09,209,4039.9,268.5,413.4
2021 / 03,Bronx,2,10,210,2779.9,323.4,413.2
2021 / 03,Bronx,2,11,211,3306.4,325.1,380.6
2021 / 03,Bronx,2,12,212,4260.8,404.7,638.8
2021 / 03,Brooklyn,3,01,301,6118.5,793.8,569.7
2021 / 03,Brooklyn,3,02,302,2653,545.2,455.2
2021 / 03,Brooklyn,3,03,303,4691.7,490.6,481.8
2021 / 03,Brooklyn,3,04,304,3543.2,335.1,422.1
2021 / 03,Brooklyn,3,05,305,5153.2,345,511.2
2021 / 03,Brooklyn,3,06,306,2374,580.7,456
2021 / 03,Brooklyn,3,07,307,3534.9,442,439.1
2021 / 03,Brooklyn,3,08,308,2915,382.6,364.8
2021 / 03,Brooklyn,3,09,309,3211.2,308.9,278.2
2021 / 03,Brooklyn,3,10,310,3611.7,499.6,507.3
2021 / 03,Brooklyn,3,11,311,5462.8,585.2,584.2
2021 / 03,Brooklyn,3,12,312,6947.9,739.4,432.8
2021 / 03,Brooklyn,3,13,313,2253.4,204.7,260.2
2021 / 03,Brooklyn,3,14,314,5054.1,518.9,479.7
2021 / 03,Brooklyn,3,15,315,4853.2,587,575.5
2021 / 03,Brooklyn,3,16,316,2427.7,123.6,196.8
2021 / 03,Brooklyn,3,17,317,4746.6,351.2,490.7
2021 / 03,Brooklyn,3,18,318,5901.4,585.5,666.2
2021 / 03,Queens,4,01,401,4285.6,669.3,714.4
2021 / 03,Queens,4,02,402,3272.5,461.2,458.9
2021 / 03,Queens,4,03,403,5383.3,397.6,553
2021 / 03,Queens,4,04,404,4330.1,364.1,579.1
2021 / 03,Queens,4,05,405,5193.9,645.4,801.2
2021 / 03,Queens,4,06,406,2973.7,421,432.6
2021 / 03,Queens,4,07,407,6926.8,798,810.3
2021 / 03,Queens,4,08,408,3838.5,481.6,462.6
2021 / 03,Queens,4,09,409,4345.3,450.3,638.9
2021 / 03,Queens,4,10,410,3975.8,384.4,610.8
2021 / 03,Queens,4,11,411,3110.5,469,481.4
2021 / 03,Queens,4,12,412,7119.8,544.6,952
2021 / 03,Queens,4,13,413,5640,455.7,950.8
2021 / 03,Queens,4,14,414,3227.1,257.6,296.9
2021 / 03,Staten Island,5,01,501,5940.9,640.8,788.3
2021 / 03,Staten Island,5,02,502,4538.7,557.1,620
2021 / 03,Staten Island,5,03,503,6151.9,760.8,758.3
2021 / 02,Manhattan,1,01,101,1121.1,322.5,229.1
2021 / 02,Manhattan,1,02,102,1656.5,385.4,282.3
2021 / 02,Manhattan,1,03,103,2458.4,324.6,294.9
2021 / 02,Manhattan,1,04,104,2041.3,453.7,342
2021 / 02,Manhattan,1,05,105,1076.1,235.2,166
2021 / 02,Manhattan,1,06,106,2328,484.4,395.4
2021 / 02,Manhattan,1,07,107,3772.9,886.2,715.9
2021 / 02,Manhattan,1,08,108,4054.5,948.6,725.7
2021 / 02,Manhattan,1,09,109,1875.7,227.8,242.3
2021 / 02,Manhattan,1,10,110,2335,241.5,231.5
2021 / 02,Manhattan,1,11,111,1920.2,198.2,180.9
2021 / 02,Manhattan,1,12,112,4200.4,425.7,471
2021 / 02,Bronx,2,01,201,1904.4,132.1,130.8
2021 / 02,Bronx,2,02,202,1402.9,109.4,133
2021 / 02,Bronx,2,03,203,1890.8,141.7,177.6
2021 / 02,Bronx,2,04,204,3618.8,247.9,317.5
2021 / 02,Bronx,2,05,205,3109.6,229.4,309.4
2021 / 02,Bronx,2,06,206,2064.4,164.3,192.2
2021 / 02,Bronx,2,07,207,3300.6,294.4,429.7
2021 / 02,Bronx,2,08,208,2027.3,299.2,360.3
2021 / 02,Bronx,2,09,209,3161.9,216.9,317.8
2021 / 02,Bronx,2,10,210,2034.4,267.2,344.3
2021 / 02,Bronx,2,11,211,2536.8,259.8,313.9
2021 / 02,Bronx,2,12,212,3141.5,315.4,476.1
2021 / 02,Brooklyn,3,01,301,5146.5,677.6,484.1
2021 / 02,Brooklyn,3,02,302,2068.2,460.3,395.6
2021 / 02,Brooklyn,3,03,303,3596.3,382.1,345.2
2021 / 02,Brooklyn,3,04,304,2743.8,280.1,354.2
2021 / 02,Brooklyn,3,05,305,3980.1,237.7,349.4
2021 / 02,Brooklyn,3,06,306,1827.9,491.2,390.2
2021 / 02,Brooklyn,3,07,307,2903.6,350.4,354.6
2021 / 02,Brooklyn,3,08,308,2298.2,283,267.9
2021 / 02,Brooklyn,3,09,309,2610.5,236.5,229.6
2021 / 02,Brooklyn,3,10,310,2841.6,418.8,434
2021 / 02,Brooklyn,3,11,311,4307.5,504.5,492.7
2021 / 02,Brooklyn,3,12,312,5808,634.2,355.2
2021 / 02,Brooklyn,3,13,313,1801.2,163.2,188.1
2021 / 02,Brooklyn,3,14,314,4073.5,426,375.9
2021 / 02,Brooklyn,3,15,315,3847.7,484.2,456.6
2021 / 02,Brooklyn,3,16,316,2164,88.5,161.8
2021 / 02,Brooklyn,3,17,317,3516.5,254.5,380
2021 / 02,Brooklyn,3,18,318,4257.7,426.6,542.2
2021 / 02,Queens,4,01,401,3376.2,563.1,591.7
2021 / 02,Queens,4,02,402,2648.2,392.1,386.2
2021 / 02,Queens,4,03,403,4059.9,350.7,451.2
2021 / 02,Queens,4,04,404,3505.7,317.2,400.6
2021 / 02,Queens,4,05,405,3871.6,517.1,658.6
2021 / 02,Queens,4,06,406,2340.3,361.7,355.2
2021 / 02,Queens,4,07,407,5389.6,665.2,659.7
2021 / 02,Queens,4,08,408,2949.3,383.2,358.1
2021 / 02,Queens,4,09,409,3189.2,345.9,493.1
2021 / 02,Queens,4,10,410,2844.9,295,437.7
2021 / 02,Queens,4,11,411,2216.6,370.1,369.8
2021 / 02,Queens,4,12,412,5060.5,406.2,723.7
2021 / 02,Queens,4,13,413,3787.1,352,693.3
2021 / 02,Queens,4,14,414,2480.8,211.7,211.8
2021 / 02,Staten Island,5,01,501,4009.7,480.9,563.4
2021 / 02,Staten Island,5,02,502,3169.7,444.6,458.2
2021 / 02,Staten Island,5,03,503,4382.1,618.5,592.7
2021 / 01,Manhattan,1,01,101,1175.8,385.3,267.6
2021 / 01,Manhattan,1,02,102,1659.6,397,296.3
2021 / 01,Manhattan,1,03,103,2528.5,366.2,334.4
2021 / 01,Manhattan,1,04,104,2129.4,524.5,433.7
2021 / 01,Manhattan,1,05,105,1120.7,260.9,182.2
2021 / 01,Manhattan,1,06,106,2465.9,546.6,442.4
2021 / 01,Manhattan,1,07,107,4122.7,1046.4,816
2021 / 01,Manhattan,1,08,108,4386,1081.5,819.8
2021 / 01,Manhattan,1,09,109,2083.8,314.7,316.4
2021 / 01,Manhattan,1,10,110,2612.8,293.9,289.6
2021 / 01,Manhattan,1,11,111,2204.5,222.1,208.7
2021 / 01,Manhattan,1,12,112,4615.6,496.9,569.3
2021 / 01,Bronx,2,01,201,2092.5,164.5,172.2
2021 / 01,Bronx,2,02,202,1546.8,145.7,173.4
2021 / 01,Bronx,2,03,203,2075.5,148.7,200.4
2021 / 01,Bronx,2,04,204,3989.2,310.7,404.8
2021 / 01,Bronx,2,05,205,3402.7,275.2,406.1
2021 / 01,Bronx,2,06,206,2248.6,205.6,220.9
2021 / 01,Bronx,2,07,207,3636.4,358.5,552
2021 / 01,Bronx,2,08,208,2302.2,350,410.6
2021 / 01,Bronx,2,09,209,3688.7,271.7,410.4
2021 / 01,Bronx,2,10,210,2509.6,363.3,454.7
2021 / 01,Bronx,2,11,211,2954,328.3,398.6
2021 / 01,Bronx,2,12,212,3697.3,418.6,625.2
2021 / 01,Brooklyn,3,01,301,5452.2,827.4,565.6
2021 / 01,Brooklyn,3,02,302,2419.6,562.5,471.8
2021 / 01,Brooklyn,3,03,303,4108.9,472.8,462.8
2021 / 01,Brooklyn,3,04,304,3132.2,341.4,436.2
2021 / 01,Brooklyn,3,05,305,4538.8,301.3,468.4
2021 / 01,Brooklyn,3,06,306,2126.6,611.2,481.5
2021 / 01,Brooklyn,3,07,307,3250.2,439.8,433.5
2021 / 01,Brooklyn,3,08,308,2603.9,342.2,327.2
2021 / 01,Brooklyn,3,09,309,2971.3,342.4,322.8
2021 / 01,Brooklyn,3,10,310,3350.3,510.8,532.5
2021 / 01,Brooklyn,3,11,311,4938.4,608.5,598.6
2021 / 01,Brooklyn,3,12,312,6263.8,725.9,393.9
2021 / 01,Brooklyn,3,13,313,2035.1,207.3,260.1
2021 / 01,Brooklyn,3,14,314,4636,512.2,483.6
2021 / 01,Brooklyn,3,15,315,4402.3,578.3,550.1
2021 / 01,Brooklyn,3,16,316,2187.4,143.6,217.4
2021 / 01,Brooklyn,3,17,317,4231.1,356.9,502.5
2021 / 01,Brooklyn,3,18,318,5213.7,612.6,677.7
2021 / 01,Queens,4,01,401,3895.6,677,715.3
2021 / 01,Queens,4,02,402,2931.6,460.6,467.9
2021 / 01,Queens,4,03,403,4691.4,448.8,571.3
2021 / 01,Queens,4,04,404,3924.5,363.4,587
2021 / 01,Queens,4,05,405,4760.2,688.6,872.8
2021 / 01,Queens,4,06,406,2685.3,439.5,428.7
2021 / 01,Queens,4,07,407,6141.7,833,830.5
2021 / 01,Queens,4,08,408,3487,477.6,433.2
2021 / 01,Queens,4,09,409,3794.8,445.9,625
2021 / 01,Queens,4,10,410,3515.7,382.2,571.5
2021 / 01,Queens,4,11,411,2700.7,478.2,463.9
2021 / 01,Queens,4,12,412,6191.4,542.5,949
2021 / 01,Queens,4,13,413,4776.5,485.3,901.8
2021 / 01,Queens,4,14,414,2964.9,284.1,307.5
2021 / 01,Staten Island,5,01,501,5112.4,689.8,747.6
2021 / 01,Staten Island,5,02,502,3950.4,574.7,605.6
2021 / 01,Staten Island,5,03,503,5633.6,874.2,777.7
2021 / 01,Queens,,7A,7A,,,
2020 / 12,Manhattan,1,01,101,1252.2,401.5,268.2
2020 / 12,Manhattan,1,02,102,1813.5,481.6,346.3
2020 / 12,Manhattan,1,03,103,2773.5,389.9,354.4
2020 / 12,Manhattan,1,04,104,2305.2,536.6,424.1
2020 / 12,Manhattan,1,05,105,1189.7,296.3,202.2
2020 / 12,Manhattan,1,06,106,2646.9,632.2,473.5
2020 / 12,Manhattan,1,07,107,4467.1,1168.4,844
2020 / 12,Manhattan,1,08,108,4829.9,1259,871.1
2020 / 12,Manhattan,1,09,109,2245.3,280,280
2020 / 12,Manhattan,1,10,110,2843.8,368.7,322.5
2020 / 12,Manhattan,1,11,111,2322.7,276.6,235.9
2020 / 12,Manhattan,1,12,112,5082.2,639.3,659.9
2020 / 12,Bronx,2,01,201,2275.7,177,181.3
2020 / 12,Bronx,2,02,202,1723.3,163,188.1
2020 / 12,Bronx,2,03,203,2281.5,225.5,259.8
2020 / 12,Bronx,2,04,204,4395.5,339.7,405.9
2020 / 12,Bronx,2,05,205,3740.1,311.9,398.7
2020 / 12,Bronx,2,06,206,2479.2,240.7,270.5
2020 / 12,Bronx,2,07,207,3950,427.3,589.9
2020 / 12,Bronx,2,08,208,2536.3,426.9,473.1
2020 / 12,Bronx,2,09,209,3935.6,315.2,458.2
2020 / 12,Bronx,2,10,210,2779.9,403.7,474.4
2020 / 12,Bronx,2,11,211,3268.6,359.4,452.1
2020 / 12,Bronx,2,12,212,4174,488.3,684.6
2020 / 12,Brooklyn,3,01,301,5989.1,925.8,661.6
2020 / 12,Brooklyn,3,02,302,2573.2,625.8,487.5
2020 / 12,Brooklyn,3,03,303,4404.9,561.3,503.1
2020 / 12,Brooklyn,3,04,304,3379.6,353.5,449.7
2020 / 12,Brooklyn,3,05,305,5128.4,392.8,531.6
2020 / 12,Brooklyn,3,06,306,2336.9,687.6,511.7
2020 / 12,Brooklyn,3,07,307,3523.2,507.8,478.2
2020 / 12,Brooklyn,3,08,308,2851.4,432.3,380.6
2020 / 12,Brooklyn,3,09,309,3272.2,355.9,316.9
2020 / 12,Brooklyn,3,10,310,3688.1,617.9,578.3
2020 / 12,Brooklyn,3,11,311,5344.1,707,635.2
2020 / 12,Brooklyn,3,12,312,6782.2,875.5,450.3
2020 / 12,Brooklyn,3,13,313,2218.2,217.5,240.5
2020 / 12,Brooklyn,3,14,314,5176.3,562.8,480
2020 / 12,Brooklyn,3,15,315,4869,685.1,602.6
2020 / 12,Brooklyn,3,16,316,2449,162.5,222
2020 / 12,Brooklyn,3,17,317,4839.4,430.8,560.2
2020 / 12,Brooklyn,3,18,318,5894.8,756.5,756.6
2020 / 12,Queens,4,01,401,4219.3,775.6,753.8
2020 / 12,Queens,4,02,402,3207.7,563.5,519.1
2020 / 12,Queens,4,03,403,5214.1,504.2,637.7
2020 / 12,Queens,4,04,404,4227.9,456.7,697.9
2020 / 12,Queens,4,05,405,5191.7,794.5,918.7
2020 / 12,Queens,4,06,406,2966.4,523.1,467.1
2020 / 12,Queens,4,07,407,6902.1,949.7,896.9
2020 / 12,Queens,4,08,408,3871.2,549.1,474.1
2020 / 12,Queens,4,09,409,4198.8,523.5,691.6
2020 / 12,Queens,4,10,410,3923.3,466.4,643.7
2020 / 12,Queens,4,11,411,3152.1,570.2,529.2
2020 / 12,Queens,4,12,412,7175.7,648.6,1024.4
2020 / 12,Queens,4,13,413,5563.5,578.5,1027.6
2020 / 12,Queens,4,14,414,3341.4,322.1,329
2020 / 12,Staten Island,5,01,501,5801.1,787.2,831
2020 / 12,Staten Island,5,02,502,4435.9,733.9,653.6
2020 / 12,Staten Island,5,03,503,6378.5,1053.5,863.3
2020 / 12,Queens,,7A,7A,,,
2020 / 11,Manhattan,1,01,101,1207.1,325.3,224.3
2020 / 11,Manhattan,1,02,102,1920,420,309
2020 / 11,Manhattan,1,03,103,2718.3,318.1,289.2
2020 / 11,Manhattan,1,04,104,2242.7,409.9,350.3
2020 / 11,Manhattan,1,05,105,1152.3,236.1,164.1
2020 / 11,Manhattan,1,06,106,2567.4,456.3,356
2020 / 11,Manhattan,1,07,107,4425.6,953.8,728.4
2020 / 11,Manhattan,1,08,108,4605.8,1013.6,729.1
2020 / 11,Manhattan,1,09,109,2168.6,240.3,245.4
2020 / 11,Manhattan,1,10,110,2730.2,254.6,238.6
2020 / 11,Manhattan,1,11,111,2195.4,209.5,189.4
2020 / 11,Manhattan,1,12,112,4980.6,432.5,474.8
2020 / 11,Bronx,2,01,201,2244.8,166.2,157.7
2020 / 11,Bronx,2,02,202,1614.8,99.9,126.3
2020 / 11,Bronx,2,03,203,2187.7,160.8,208.6
2020 / 11,Bronx,2,04,204,4266.4,299.1,394.9
2020 / 11,Bronx,2,05,205,3625.7,266.2,378.8
2020 / 11,Bronx,2,06,206,2438.6,170.8,208.8
2020 / 11,Bronx,2,07,207,3863.3,328,504.2
2020 / 11,Bronx,2,08,208,2578.3,339.3,382.4
2020 / 11,Bronx,2,09,209,3985.2,243.5,374
2020 / 11,Bronx,2,10,210,2911.9,293.7,402.2
2020 / 11,Bronx,2,11,211,3441.7,265.8,385.6
2020 / 11,Bronx,2,12,212,4292.3,385.7,571.6
2020 / 11,Brooklyn,3,01,301,5682.1,691,518.5
2020 / 11,Brooklyn,3,02,302,2638.5,500.7,422.8
2020 / 11,Brooklyn,3,03,303,4488.1,438,435.7
2020 / 11,Brooklyn,3,04,304,3424.2,325.1,412.1
2020 / 11,Brooklyn,3,05,305,5117.3,285.9,452.8
2020 / 11,Brooklyn,3,06,306,2383.8,549.9,440.8
2020 / 11,Brooklyn,3,07,307,3469.4,418.1,403.5
2020 / 11,Brooklyn,3,08,308,2839.1,346.6,329.2
2020 / 11,Brooklyn,3,09,309,3132.5,299.3,252.8
2020 / 11,Brooklyn,3,10,310,3767.8,486.7,471
2020 / 11,Brooklyn,3,11,311,5301.1,568.4,547.4
2020 / 11,Brooklyn,3,12,312,6513.2,655.3,359.1
2020 / 11,Brooklyn,3,13,313,2136.5,186.6,222.9
2020 / 11,Brooklyn,3,14,314,5135.9,495.4,447.5
2020 / 11,Brooklyn,3,15,315,4946.5,554.5,512.7
2020 / 11,Brooklyn,3,16,316,2382.1,112,185.7
2020 / 11,Brooklyn,3,17,317,4805,336.9,462.6
2020 / 11,Brooklyn,3,18,318,6116.7,562.4,609.5
2020 / 11,Queens,4,01,401,4221.7,641.8,657
2020 / 11,Queens,4,02,402,3195.6,428.7,422.5
2020 / 11,Queens,4,03,403,5239,373.5,542.2
2020 / 11,Queens,4,04,404,4148.6,335.9,546.4
2020 / 11,Queens,4,05,405,5513,605.1,736.4
2020 / 11,Queens,4,06,406,2981.1,388.3,382.1
2020 / 11,Queens,4,07,407,7212,760.5,760.6
2020 / 11,Queens,4,08,408,4010.8,430.4,405.3
2020 / 11,Queens,4,09,409,4449.3,400.2,616.7
2020 / 11,Queens,4,10,410,4307.4,357.2,563.3
2020 / 11,Queens,4,11,411,3628.3,445.6,443.3
2020 / 11,Queens,4,12,412,7505.6,497.2,859.5
2020 / 11,Queens,4,13,413,6203.2,466.8,834.6
2020 / 11,Queens,4,14,414,3268.5,250.5,279.1
2020 / 11,Staten Island,5,01,501,6384.4,605.5,693
2020 / 11,Staten Island,5,02,502,4976.6,530.5,530.5
2020 / 11,Staten Island,5,03,503,6941.5,749.6,685.3
2020 / 11,Queens,,7A,7A,,,
2020 / 10,Manhattan,1,01,101,1341.7,434.7,289.9
2020 / 10,Manhattan,1,02,102,2010.9,455.1,322.5
2020 / 10,Manhattan,1,03,103,2911,413.2,359.6
2020 / 10,Manhattan,1,04,104,2418.5,563,453.2
2020 / 10,Manhattan,1,05,105,1269.2,298.9,186.5
2020 / 10,Manhattan,1,06,106,2851.2,621.8,482.4
2020 / 10,Manhattan,1,07,107,4625,1123.8,825.4
2020 / 10,Manhattan,1,08,108,5017.6,1195.9,863.2
2020 / 10,Manhattan,1,09,109,2300.3,318,315.6
2020 / 10,Manhattan,1,10,110,2833.9,301.2,293.6
2020 / 10,Manhattan,1,11,111,2310.5,221.9,196.3
2020 / 10,Manhattan,1,12,112,5136.1,546,577.3
2020 / 10,Bronx,2,01,201,2307.4,167.6,170
2020 / 10,Bronx,2,02,202,1736.9,157.1,199.5
2020 / 10,Bronx,2,03,203,2207.6,162.1,222.2
2020 / 10,Bronx,2,04,204,4402.9,323.7,411.7
2020 / 10,Bronx,2,05,205,3773,288.3,412.8
2020 / 10,Bronx,2,06,206,2473.6,193.8,230.5
2020 / 10,Bronx,2,07,207,3923,393.4,623.1
2020 / 10,Bronx,2,08,208,2557.6,370.7,411.1
2020 / 10,Bronx,2,09,209,4119.7,296.4,446.5
2020 / 10,Bronx,2,10,210,2959.5,349.8,489.3
2020 / 10,Bronx,2,11,211,3477.6,304.2,449.8
2020 / 10,Bronx,2,12,212,4405.8,444.6,648.6
2020 / 10,Brooklyn,3,01,301,6226.8,879.7,645.7
2020 / 10,Brooklyn,3,02,302,2745,566.2,464.3
2020 / 10,Brooklyn,3,03,303,4542,486.7,473.9
2020 / 10,Brooklyn,3,04,304,3562.6,371.2,460
2020 / 10,Brooklyn,3,05,305,5295.8,301.4,503.6
2020 / 10,Brooklyn,3,06,306,2368.5,642,493
2020 / 10,Brooklyn,3,07,307,3555,456.1,450.2
2020 / 10,Brooklyn,3,08,308,2897.2,363.2,335
2020 / 10,Brooklyn,3,09,309,3272.6,362.4,316.8
2020 / 10,Brooklyn,3,10,310,3702.3,543,529.8
2020 / 10,Brooklyn,3,11,311,5465.9,666.2,627.4
2020 / 10,Brooklyn,3,12,312,7031.3,783.2,446.2
2020 / 10,Brooklyn,3,13,313,2302.1,205.8,255.6
2020 / 10,Brooklyn,3,14,314,5203.5,533.9,505.8
2020 / 10,Brooklyn,3,15,315,5126.4,626.8,578.7
2020 / 10,Brooklyn,3,16,316,2461.2,131.5,234.5
2020 / 10,Brooklyn,3,17,317,4840.6,372.6,508.4
2020 / 10,Brooklyn,3,18,318,6102.5,635,732.8
2020 / 10,Queens,4,01,401,4278.6,689.5,708
2020 / 10,Queens,4,02,402,3341.8,468.4,452.9
2020 / 10,Queens,4,03,403,5410.9,446.4,631.2
2020 / 10,Queens,4,04,404,4289.6,386.8,653.2
2020 / 10,Queens,4,05,405,5371.9,689.8,856.5
2020 / 10,Queens,4,06,406,3015.4,455.6,436.2
2020 / 10,Queens,4,07,407,7239.3,862.8,895
2020 / 10,Queens,4,08,408,4121.9,503.7,478.2
2020 / 10,Queens,4,09,409,4502.7,426.2,711.4
2020 / 10,Queens,4,10,410,4411.8,405.1,603.2
2020 / 10,Queens,4,11,411,3416.8,485.9,496
2020 / 10,Queens,4,12,412,7619.4,583.4,1016.4
2020 / 10,Queens,4,13,413,6140.8,550.9,950.2
2020 / 10,Queens,4,14,414,3438.8,305.6,344.3
2020 / 10,Staten Island,5,01,501,6093.6,646.1,884.2
2020 / 10,Staten Island,5,02,502,4691.7,577.1,666.6
2020 / 10,Staten Island,5,03,503,6406.3,840.8,828.1
2020 / 09,Manhattan,1,01,101,1329.3,356.9,224.4
2020 / 09,Manhattan,1,02,102,1911.4,452.7,325.3
2020 / 09,Manhattan,1,03,103,3016.1,392.8,339.8
2020 / 09,Manhattan,1,04,104,2400.6,471.3,383.2
2020 / 09,Manhattan,1,05,105,1269.8,300.8,201.5
2020 / 09,Manhattan,1,06,106,2793.8,515.8,391.2
2020 / 09,Manhattan,1,07,107,4562.1,1007.1,731.3
2020 / 09,Manhattan,1,08,108,4808.4,1075.1,751.7
2020 / 09,Manhattan,1,09,109,2340.7,299.7,285.1
2020 / 09,Manhattan,1,10,110,2911.7,308.4,306.7
2020 / 09,Manhattan,1,11,111,2350.7,262.2,226
2020 / 09,Manhattan,1,12,112,5283.8,545.6,588.1
2020 / 09,Bronx,2,01,201,2354.1,184,190.4
2020 / 09,Bronx,2,02,202,1693.1,128.6,165.3
2020 / 09,Bronx,2,03,203,2252.3,247.9,315
2020 / 09,Bronx,2,04,204,4395.7,337.2,435.2
2020 / 09,Bronx,2,05,205,3768.6,307.9,441.2
2020 / 09,Bronx,2,06,206,2477.3,272.6,300.4
2020 / 09,Bronx,2,07,207,3946.7,412.8,618.8
2020 / 09,Bronx,2,08,208,2610.6,384,440.9
2020 / 09,Bronx,2,09,209,4236,289.9,465.1
2020 / 09,Bronx,2,10,210,2995.5,310.4,496.1
2020 / 09,Bronx,2,11,211,3443.4,281.5,447.6
2020 / 09,Bronx,2,12,212,4504,434.2,684.9
2020 / 09,Brooklyn,3,01,301,6165,837.2,597.4
2020 / 09,Brooklyn,3,02,302,2752.9,556.9,455.2
2020 / 09,Brooklyn,3,03,303,4779.5,528.6,512.8
2020 / 09,Brooklyn,3,04,304,3728.1,356.8,457.1
2020 / 09,Brooklyn,3,05,305,5488.9,334.7,546.5
2020 / 09,Brooklyn,3,06,306,2367.9,585.7,448.8
2020 / 09,Brooklyn,3,07,307,3650.2,453.2,450.6
2020 / 09,Brooklyn,3,08,308,2974.2,382.4,367
2020 / 09,Brooklyn,3,09,309,3246.4,341.9,301.6
2020 / 09,Brooklyn,3,10,310,3693.2,528.5,522.8
2020 / 09,Brooklyn,3,11,311,5520.2,639.9,617.5
2020 / 09,Brooklyn,3,12,312,6959.8,832.1,403.1
2020 / 09,Brooklyn,3,13,313,2349.3,204.3,261.1
2020 / 09,Brooklyn,3,14,314,5222.1,491,497.3
2020 / 09,Brooklyn,3,15,315,5053.9,587,554.5
2020 / 09,Brooklyn,3,16,316,2575.8,125,217.5
2020 / 09,Brooklyn,3,17,317,4968.1,353.6,545.3
2020 / 09,Brooklyn,3,18,318,6346.2,607,737
2020 / 09,Queens,4,01,401,4416.9,675.1,723.6
2020 / 09,Queens,4,02,402,3434.5,475.1,465.3
2020 / 09,Queens,4,03,403,5584.6,433.2,625.9
2020 / 09,Queens,4,04,404,4453.7,377.3,592.7
2020 / 09,Queens,4,05,405,5552.1,647.6,867.9
2020 / 09,Queens,4,06,406,3133.3,436.8,419.6
2020 / 09,Queens,4,07,407,7466.3,809,876.2
2020 / 09,Queens,4,08,408,4266.4,489.9,468.4
2020 / 09,Queens,4,09,409,4600.2,428,748.1
2020 / 09,Queens,4,10,410,4531.6,392.5,611.9
2020 / 09,Queens,4,11,411,3511.2,495.6,520.5
2020 / 09,Queens,4,12,412,7848.3,550.9,1039.3
2020 / 09,Queens,4,13,413,6561.8,520,985.4
2020 / 09,Queens,4,14,414,3713.5,278.8,341.9
2020 / 09,Staten Island,5,01,501,6081.8,612.6,892.7
2020 / 09,Staten Island,5,02,502,4765.5,549.2,724.6
2020 / 09,Staten Island,5,03,503,6615.1,788.9,818.6
2020 / 08,Manhattan,1,01,101,1209.4,300.9,219.1
2020 / 08,Manhattan,1,02,102,1816.1,349.4,293.8
2020 / 08,Manhattan,1,03,103,3037.6,345.7,332.7
2020 / 08,Manhattan,1,04,104,2382.1,430,391.8
2020 / 08,Manhattan,1,05,105,1256.4,227.3,163.6
2020 / 08,Manhattan,1,06,106,2707.7,444.7,390.6
2020 / 08,Manhattan,1,07,107,4379,890.3,729.1
2020 / 08,Manhattan,1,08,108,4348.4,866.6,722.1
2020 / 08,Manhattan,1,09,109,2460.9,280.4,308.9
2020 / 08,Manhattan,1,10,110,2965.8,269.5,271.4
2020 / 08,Manhattan,1,11,111,2407.5,221.2,218.3
2020 / 08,Manhattan,1,12,112,5377,490.3,556.5
2020 / 08,Bronx,2,01,201,2430.6,164.8,182.7
2020 / 08,Bronx,2,02,202,1767.8,128,168.6
2020 / 08,Bronx,2,03,203,2326.3,166,246.3
2020 / 08,Bronx,2,04,204,4577.6,336.1,461.9
2020 / 08,Bronx,2,05,205,3915.2,304.2,441.9
2020 / 08,Bronx,2,06,206,2568.2,200.5,256.9
2020 / 08,Bronx,2,07,207,4052.6,389.3,600.6
2020 / 08,Bronx,2,08,208,2639.6,351.9,419.7
2020 / 08,Bronx,2,09,209,4411.1,300.9,497.7
2020 / 08,Bronx,2,10,210,3068,320.5,531.8
2020 / 08,Bronx,2,11,211,3655.9,281.5,468
2020 / 08,Bronx,2,12,212,4787.3,433.3,713.8
2020 / 08,Brooklyn,3,01,301,5249.8,745.7,588.6
2020 / 08,Brooklyn,3,02,302,2676.6,484.3,445.4
2020 / 08,Brooklyn,3,03,303,4692.3,427.8,477.2
2020 / 08,Brooklyn,3,04,304,3802.3,355.7,488
2020 / 08,Brooklyn,3,05,305,5716.1,322.6,533.6
2020 / 08,Brooklyn,3,06,306,2269.6,503.5,428.5
2020 / 08,Brooklyn,3,07,307,3722.6,424.6,457.7
2020 / 08,Brooklyn,3,08,308,3045.1,332.7,353.8
2020 / 08,Brooklyn,3,09,309,3204.9,307.6,283.4
2020 / 08,Brooklyn,3,10,310,3815.1,484.6,515.6
2020 / 08,Brooklyn,3,11,311,5515.4,608.3,648.2
2020 / 08,Brooklyn,3,12,312,5601.7,606.4,389.4
2020 / 08,Brooklyn,3,13,313,2415.9,182.5,248
2020 / 08,Brooklyn,3,14,314,5137.8,474.8,506.7
2020 / 08,Brooklyn,3,15,315,4835.8,541.1,555.2
2020 / 08,Brooklyn,3,16,316,2681,131.4,209.8
2020 / 08,Brooklyn,3,17,317,5342.7,361.1,554.3
2020 / 08,Brooklyn,3,18,318,6639.9,588.2,776.9
2020 / 08,Queens,4,01,401,4637.2,670.6,734.5
2020 / 08,Queens,4,02,402,3560.9,439.2,456.5
2020 / 08,Queens,4,03,403,5808.5,427.5,635.4
2020 / 08,Queens,4,04,404,4636.3,376.4,577.7
2020 / 08,Queens,4,05,405,5638.6,602.9,860.4
2020 / 08,Queens,4,06,406,3180.1,421.7,424.6
2020 / 08,Queens,4,07,407,7807.7,816.3,905.8
2020 / 08,Queens,4,08,408,4377.6,478.7,479.9
2020 / 08,Queens,4,09,409,4861.2,449,749.1
2020 / 08,Queens,4,10,410,4811.8,382.5,671
2020 / 08,Queens,4,11,411,3671.5,472,516.1
2020 / 08,Queens,4,12,412,8452.2,558.4,1085
2020 / 08,Queens,4,13,413,6938.3,540.5,1016.6
2020 / 08,Queens,4,14,414,3911.9,285.1,362.1
2020 / 08,Staten Island,5,01,501,6392.4,595.3,908.6
2020 / 08,Staten Island,5,02,502,5021.5,533.7,710.5
2020 / 08,Staten Island,5,03,503,6861.7,747.8,830.3
2020 / 07,Manhattan,1,01,101,1175.9,327.2,251.1
2020 / 07,Manhattan,1,02,102,1765.4,363.4,301.4
2020 / 07,Manhattan,1,03,103,3056.7,380.5,394.2
2020 / 07,Manhattan,1,04,104,2449.5,494.5,446.4
2020 / 07,Manhattan,1,05,105,1275.6,248.5,183.8
2020 / 07,Manhattan,1,06,106,2670.1,528.7,456.1
2020 / 07,Manhattan,1,07,107,4295.8,927.1,758.3
2020 / 07,Manhattan,1,08,108,4280.1,963.4,746.5
2020 / 07,Manhattan,1,09,109,2477.5,302.9,343.4
2020 / 07,Manhattan,1,10,110,3011.6,326.4,325.3
2020 / 07,Manhattan,1,11,111,2457.2,252.1,230.8
2020 / 07,Manhattan,1,12,112,5527.1,591.1,648.2
2020 / 07,Bronx,2,01,201,2411,166.2,182.3
2020 / 07,Bronx,2,02,202,1810.6,168.9,218.6
2020 / 07,Bronx,2,03,203,2392.1,208.8,278.8
2020 / 07,Bronx,2,04,204,4772.9,369.4,457.8
2020 / 07,Bronx,2,05,205,4120.4,331.8,435.4
2020 / 07,Bronx,2,06,206,2698.3,243.6,280.7
2020 / 07,Bronx,2,07,207,4304.2,435.2,626.2
2020 / 07,Bronx,2,08,208,2663.6,377.2,443.8
2020 / 07,Bronx,2,09,209,4461.4,322.7,496.6
2020 / 07,Bronx,2,10,210,3095.1,343.1,563.3
2020 / 07,Bronx,2,11,211,3683.3,314.9,514.5
2020 / 07,Bronx,2,12,212,4959.5,500.1,765.4
2020 / 07,Brooklyn,3,01,301,5147.7,755.8,663.2
2020 / 07,Brooklyn,3,02,302,2663.6,502.2,478.1
2020 / 07,Brooklyn,3,03,303,4746.2,492.5,525.9
2020 / 07,Brooklyn,3,04,304,3889.5,378.8,498.5
2020 / 07,Brooklyn,3,05,305,5906.2,391.1,614.3
2020 / 07,Brooklyn,3,06,306,2322.7,547.8,470.5
2020 / 07,Brooklyn,3,07,307,3886.4,456.8,490.4
2020 / 07,Brooklyn,3,08,308,3096.7,352.7,367.8
2020 / 07,Brooklyn,3,09,309,3274.8,360.1,325.4
2020 / 07,Brooklyn,3,10,310,3906.2,532.2,555
2020 / 07,Brooklyn,3,11,311,5762.9,655.5,710.2
2020 / 07,Brooklyn,3,12,312,5702.8,670.7,412.2
2020 / 07,Brooklyn,3,13,313,2463.8,223.3,289.7
2020 / 07,Brooklyn,3,14,314,5241.4,492.8,497.1
2020 / 07,Brooklyn,3,15,315,4937.5,599.2,598.6
2020 / 07,Brooklyn,3,16,316,2769.8,162.4,246.7
2020 / 07,Brooklyn,3,17,317,5472.3,404.8,605
2020 / 07,Brooklyn,3,18,318,6732.9,679.8,857.7
2020 / 07,Queens,4,01,401,4669.5,696.7,764.7
2020 / 07,Queens,4,02,402,3550.5,487.1,495
2020 / 07,Queens,4,03,403,6005.3,487.1,712.3
2020 / 07,Queens,4,04,404,4762.7,440.3,605.2
2020 / 07,Queens,4,05,405,5568.4,648.2,1045.9
2020 / 07,Queens,4,06,406,3249.2,465.8,459
2020 / 07,Queens,4,07,407,7653,890.4,946.8
2020 / 07,Queens,4,08,408,4309.3,512,516.9
2020 / 07,Queens,4,09,409,4904.7,517,770.5
2020 / 07,Queens,4,10,410,4804.9,428.4,773.2
2020 / 07,Queens,4,11,411,3519.5,491.3,544
2020 / 07,Queens,4,12,412,8575.7,628.8,1250.5
2020 / 07,Queens,4,13,413,6957.2,552.2,1164.7
2020 / 07,Queens,4,14,414,3850.1,319.2,399.6
2020 / 07,Staten Island,5,01,501,6389.2,704,986.8
2020 / 07,Staten Island,5,02,502,4921.8,602.7,789.1
2020 / 07,Staten Island,5,03,503,6772.4,900.7,960.4
2020 / 06,Manhattan,1,01,101,1207.8,286,224.9
2020 / 06,Manhattan,1,02,102,1696.7,366.2,320.2
2020 / 06,Manhattan,1,03,103,3002.9,300.2,324.8
2020 / 06,Manhattan,1,04,104,2298.1,409.7,381.8
2020 / 06,Manhattan,1,05,105,1147.4,231,181.8
2020 / 06,Manhattan,1,06,106,2637.9,426.8,387.5
2020 / 06,Manhattan,1,07,107,4286,913.8,774.1
2020 / 06,Manhattan,1,08,108,4320.8,902.5,741.6
2020 / 06,Manhattan,1,09,109,2331.2,259.9,290.4
2020 / 06,Manhattan,1,10,110,2885.8,306.7,302.7
2020 / 06,Manhattan,1,11,111,2354,236.4,217.2
2020 / 06,Manhattan,1,12,112,5361.5,533.9,585.8
2020 / 06,Bronx,2,01,201,2430.3,207.1,209.4
2020 / 06,Bronx,2,02,202,1789.9,145.1,177.1
2020 / 06,Bronx,2,03,203,2354,240.5,276.5
2020 / 06,Bronx,2,04,204,4684.4,433.8,535.5
2020 / 06,Bronx,2,05,205,4088.9,350.4,468.3
2020 / 06,Bronx,2,06,206,2728.9,243.8,292.8
2020 / 06,Bronx,2,07,207,4286.6,427.7,607.1
2020 / 06,Bronx,2,08,208,2686.7,412.5,487.6
2020 / 06,Bronx,2,09,209,4423.5,326,497.1
2020 / 06,Bronx,2,10,210,3135.3,341.9,580.2
2020 / 06,Bronx,2,11,211,3745.5,345.4,521.1
2020 / 06,Bronx,2,12,212,4863.3,487.1,797.5
2020 / 06,Brooklyn,3,01,301,5831.8,730.3,612.6
2020 / 06,Brooklyn,3,02,302,2608.2,489.3,478
2020 / 06,Brooklyn,3,03,303,4770.1,491.5,534.9
2020 / 06,Brooklyn,3,04,304,3813,373,501.8
2020 / 06,Brooklyn,3,05,305,5753.7,376.3,590.9
2020 / 06,Brooklyn,3,06,306,2357.8,544.4,488
2020 / 06,Brooklyn,3,07,307,3695.2,482.4,508.1
2020 / 06,Brooklyn,3,08,308,2995,379.8,391.6
2020 / 06,Brooklyn,3,09,309,3240.9,315.8,292.2
2020 / 06,Brooklyn,3,10,310,3877.5,549,595.6
2020 / 06,Brooklyn,3,11,311,5760.6,655.5,733.3
2020 / 06,Brooklyn,3,12,312,6530.9,792,442.9
2020 / 06,Brooklyn,3,13,313,2383.7,215.9,287.5
2020 / 06,Brooklyn,3,14,314,5303.7,559.8,543.8
2020 / 06,Brooklyn,3,15,315,4932.7,598.7,627.6
2020 / 06,Brooklyn,3,16,316,2596.3,142.4,217.4
2020 / 06,Brooklyn,3,17,317,5294.7,392.5,607.7
2020 / 06,Brooklyn,3,18,318,6653.2,662.1,842.6
2020 / 06,Queens,4,01,401,4641.7,724.4,830.2
2020 / 06,Queens,4,02,402,3485.3,478.1,500
2020 / 06,Queens,4,03,403,6035.7,452.7,672.7
2020 / 06,Queens,4,04,404,4630.9,402.8,573.4
2020 / 06,Queens,4,05,405,5693.4,678.2,1089.5
2020 / 06,Queens,4,06,406,3183.6,445.1,449.1
2020 / 06,Queens,4,07,407,7718.7,870.3,1027.2
2020 / 06,Queens,4,08,408,4411.6,512.3,532.7
2020 / 06,Queens,4,09,409,4845.7,530.7,779
2020 / 06,Queens,4,10,410,4817.9,442.3,814.7
2020 / 06,Queens,4,11,411,3693.3,533.5,592
2020 / 06,Queens,4,12,412,8585.7,604,1246.4
2020 / 06,Queens,4,13,413,7129.4,530.1,1228.2
2020 / 06,Queens,4,14,414,3903.7,307.8,382.9
2020 / 06,Staten Island,5,01,501,6633.5,709.1,1124.1
2020 / 06,Staten Island,5,02,502,5191.9,613.6,830.1
2020 / 06,Staten Island,5,03,503,7161.8,857.2,980.5
2020 / 05,Manhattan,1,01,101,1089.3,284.8,245
2020 / 05,Manhattan,1,02,102,1459.8,297.4,278.8
2020 / 05,Manhattan,1,03,103,2674.8,292,346.9
2020 / 05,Manhattan,1,04,104,2061,420.9,438.2
2020 / 05,Manhattan,1,05,105,1017.3,212.6,169.1
2020 / 05,Manhattan,1,06,106,2345.4,454.8,442.6
2020 / 05,Manhattan,1,07,107,3921.4,850,752.6
2020 / 05,Manhattan,1,08,108,3986.3,908.5,797.3
2020 / 05,Manhattan,1,09,109,2171,282.3,326.1
2020 / 05,Manhattan,1,10,110,2615.5,281.1,298.2
2020 / 05,Manhattan,1,11,111,2158.3,218.7,219.7
2020 / 05,Manhattan,1,12,112,4845.6,499.2,582.9
2020 / 05,Bronx,2,01,201,2225.8,150.9,159.2
2020 / 05,Bronx,2,02,202,1689.7,143.6,194.6
2020 / 05,Bronx,2,03,203,2190.1,176.9,247.9
2020 / 05,Bronx,2,04,204,4410.5,321.1,446
2020 / 05,Bronx,2,05,205,3886.9,278.9,402.6
2020 / 05,Bronx,2,06,206,2532.2,189.9,250.6
2020 / 05,Bronx,2,07,207,4027.1,342.8,527.2
2020 / 05,Bronx,2,08,208,2477.3,341.8,420.7
2020 / 05,Bronx,2,09,209,4199.8,274.4,442.9
2020 / 05,Bronx,2,10,210,3101.6,357.9,567.3
2020 / 05,Bronx,2,11,211,3495.3,315.2,472.7
2020 / 05,Bronx,2,12,212,4506.3,417,702.3
2020 / 05,Brooklyn,3,01,301,5289.9,744.4,587
2020 / 05,Brooklyn,3,02,302,2401.4,448,463.7
2020 / 05,Brooklyn,3,03,303,4326.4,426.3,465.2
2020 / 05,Brooklyn,3,04,304,3419.2,323.4,473.4
2020 / 05,Brooklyn,3,05,305,5159.9,293.5,493.1
2020 / 05,Brooklyn,3,06,306,2144.7,505.6,473.5
2020 / 05,Brooklyn,3,07,307,3395.3,415.9,440
2020 / 05,Brooklyn,3,08,308,2710.3,281.2,305.7
2020 / 05,Brooklyn,3,09,309,3016.8,320.3,303.3
2020 / 05,Brooklyn,3,10,310,3591.3,489.8,532.6
2020 / 05,Brooklyn,3,11,311,5251.3,607.5,614.6
2020 / 05,Brooklyn,3,12,312,6182.3,760.3,450.2
2020 / 05,Brooklyn,3,13,313,2157.3,191.6,267.3
2020 / 05,Brooklyn,3,14,314,4849.4,473.9,465.7
2020 / 05,Brooklyn,3,15,315,4743,555.2,573.7
2020 / 05,Brooklyn,3,16,316,2325.3,142.4,220.4
2020 / 05,Brooklyn,3,17,317,4791.8,334.5,519
2020 / 05,Brooklyn,3,18,318,6168.7,599.6,767.5
2020 / 05,Queens,4,01,401,4382.4,609.6,766.9
2020 / 05,Queens,4,02,402,3165.6,425.1,486.5
2020 / 05,Queens,4,03,403,5416.8,398.3,607.4
2020 / 05,Queens,4,04,404,4287.1,356.5,536.6
2020 / 05,Queens,4,05,405,5577.8,601.6,1009
2020 / 05,Queens,4,06,406,2924.6,412.3,442.4
2020 / 05,Queens,4,07,407,7243.8,811.1,936.3
2020 / 05,Queens,4,08,408,4044.8,449.2,481.7
2020 / 05,Queens,4,09,409,4571.6,436,679.9
2020 / 05,Queens,4,10,410,4517.3,378.6,675.9
2020 / 05,Queens,4,11,411,3554.5,465.8,542.8
2020 / 05,Queens,4,12,412,7951,540.6,1050
2020 / 05,Queens,4,13,413,6563.7,474,1065.8
2020 / 05,Queens,4,14,414,3537.2,285.6,370.7
2020 / 05,Staten Island,5,01,501,6495.4,651.4,925.8
2020 / 05,Staten Island,5,02,502,5189,571.5,702.7
2020 / 05,Staten Island,5,03,503,7306.6,853.2,988.1
2020 / 04,Manhattan,1,01,101,924,266.3,241.2
2020 / 04,Manhattan,1,02,102,1259.9,316.3,308.2
2020 / 04,Manhattan,1,03,103,2252.6,266.1,337
2020 / 04,Manhattan,1,04,104,1845.2,402.7,427.6
2020 / 04,Manhattan,1,05,105,900.2,198.8,176.8
2020 / 04,Manhattan,1,06,106,2068.8,435.9,435.3
2020 / 04,Manhattan,1,07,107,3494.5,819.9,775.9
2020 / 04,Manhattan,1,08,108,3609.6,856.8,790.8
2020 / 04,Manhattan,1,09,109,1878.8,221.2,292.4
2020 / 04,Manhattan,1,10,110,2325.6,259.2,300.4
2020 / 04,Manhattan,1,11,111,1896.8,203.5,221.1
2020 / 04,Manhattan,1,12,112,4258.4,440.4,590.3
2020 / 04,Bronx,2,01,201,1923.2,105.3,139.6
2020 / 04,Bronx,2,02,202,1480.8,102,170.9
2020 / 04,Bronx,2,03,203,1931.7,140.6,235.7
2020 / 04,Bronx,2,04,204,3837.1,218.4,383.4
2020 / 04,Bronx,2,05,205,3355.3,189.1,326.6
2020 / 04,Bronx,2,06,206,2197.1,153.9,239.8
2020 / 04,Bronx,2,07,207,3550.1,281.2,499.9
2020 / 04,Bronx,2,08,208,2177.5,326.8,419.6
2020 / 04,Bronx,2,09,209,3568.1,214.5,376.6
2020 / 04,Bronx,2,10,210,2542.8,284.4,485
2020 / 04,Bronx,2,11,211,2906.4,278,420.6
2020 / 04,Bronx,2,12,212,3577.3,357.6,616.3
2020 / 04,Brooklyn,3,01,301,4930.4,701.2,633.5
2020 / 04,Brooklyn,3,02,302,2007.9,450.1,466
2020 / 04,Brooklyn,3,03,303,3798.2,398.5,449.9
2020 / 04,Brooklyn,3,04,304,2908.5,282.3,443.4
2020 / 04,Brooklyn,3,05,305,4405.4,253.4,463.6
2020 / 04,Brooklyn,3,06,306,1865,500.2,479.3
2020 / 04,Brooklyn,3,07,307,2925,390.7,435.7
2020 / 04,Brooklyn,3,08,308,2396.8,286.2,324.9
2020 / 04,Brooklyn,3,09,309,2777.8,284.9,276.5
2020 / 04,Brooklyn,3,10,310,3079,480.5,534.7
2020 / 04,Brooklyn,3,11,311,4554.4,559.8,584.7
2020 / 04,Brooklyn,3,12,312,6179.6,723.8,508.4
2020 / 04,Brooklyn,3,13,313,1852.9,160,234
2020 / 04,Brooklyn,3,14,314,4536.1,449.1,451.7
2020 / 04,Brooklyn,3,15,315,4468.6,543.4,589.2
2020 / 04,Brooklyn,3,16,316,1997,107.7,186.9
2020 / 04,Brooklyn,3,17,317,4078.9,284.3,459
2020 / 04,Brooklyn,3,18,318,5367.7,549.5,690.3
2020 / 04,Queens,4,01,401,3888.5,607.4,768.9
2020 / 04,Queens,4,02,402,2702.2,393,482.4
2020 / 04,Queens,4,03,403,4465.5,335.6,567.5
2020 / 04,Queens,4,04,404,3709.4,303.8,473.1
2020 / 04,Queens,4,05,405,4698.1,586.6,940.5
2020 / 04,Queens,4,06,406,2609.8,390.7,452.9
2020 / 04,Queens,4,07,407,6075.1,782.4,861.1
2020 / 04,Queens,4,08,408,3384.3,430.1,468.7
2020 / 04,Queens,4,09,409,3676.6,391.8,621
2020 / 04,Queens,4,10,410,3617.3,346.3,586.7
2020 / 04,Queens,4,11,411,2874.2,468.8,539.9
2020 / 04,Queens,4,12,412,6478.1,444.2,958.4
2020 / 04,Queens,4,13,413,4935.8,428.6,922.2
2020 / 04,Queens,4,14,414,2843.8,248.7,313.4
2020 / 04,Staten Island,5,01,501,5302.3,627,867.2
2020 / 04,Staten Island,5,02,502,4378.4,560.4,657.5
2020 / 04,Staten Island,5,03,503,6130.2,812.2,905.4
2020 / 03,Manhattan,1,01,101,1311.2,377.9,251.6
2020 / 03,Manhattan,1,02,102,1722.4,455.9,339.9
2020 / 03,Manhattan,1,03,103,2699.6,305.2,313.6
2020 / 03,Manhattan,1,04,104,2278.7,461.3,394.3
2020 / 03,Manhattan,1,05,105,1222.5,287.5,194.8
2020 / 03,Manhattan,1,06,106,2708.7,524,414.5
2020 / 03,Manhattan,1,07,107,4382.9,1067.6,804.7
2020 / 03,Manhattan,1,08,108,4735.4,1128.5,824.2
2020 / 03,Manhattan,1,09,109,2133.6,242.2,264.4
2020 / 03,Manhattan,1,10,110,2487.5,269.5,273.6
2020 / 03,Manhattan,1,11,111,2157,204.8,195.6
2020 / 03,Manhattan,1,12,112,4534.5,421.5,502.1
2020 / 03,Bronx,2,01,201,1971,130.1,160.7
2020 / 03,Bronx,2,02,202,1480,94.9,142.8
2020 / 03,Bronx,2,03,203,1955.4,139.8,219
2020 / 03,Bronx,2,04,204,3893.3,264.4,404.7
2020 / 03,Bronx,2,05,205,3391.8,206.3,335.9
2020 / 03,Bronx,2,06,206,2216.1,156.9,220.7
2020 / 03,Bronx,2,07,207,3584.9,282.7,456.5
2020 / 03,Bronx,2,08,208,2197.2,322.3,399.1
2020 / 03,Bronx,2,09,209,3569.3,216.1,337.3
2020 / 03,Bronx,2,10,210,2277.1,291.5,412.8
2020 / 03,Bronx,2,11,211,2806.9,274.8,359.2
2020 / 03,Bronx,2,12,212,3480,351.9,562.9
2020 / 03,Brooklyn,3,01,301,5676.2,680.3,543.8
2020 / 03,Brooklyn,3,02,302,2372.5,514.1,440
2020 / 03,Brooklyn,3,03,303,3943.5,392.5,408.3
2020 / 03,Brooklyn,3,04,304,2972.4,279.9,400.7
2020 / 03,Brooklyn,3,05,305,4355.6,240.4,407.4
2020 / 03,Brooklyn,3,06,306,1999.5,555.9,453.8
2020 / 03,Brooklyn,3,07,307,3052.6,421.9,425.8
2020 / 03,Brooklyn,3,08,308,2539.6,317.9,322.1
2020 / 03,Brooklyn,3,09,309,2795.8,264.9,236.5
2020 / 03,Brooklyn,3,10,310,3143.7,494.2,493.8
2020 / 03,Brooklyn,3,11,311,4793.8,591.6,550.8
2020 / 03,Brooklyn,3,12,312,6505.4,698.4,477.3
2020 / 03,Brooklyn,3,13,313,1915.1,190.5,227.6
2020 / 03,Brooklyn,3,14,314,4669.4,511,442.1
2020 / 03,Brooklyn,3,15,315,4318.7,587.3,535.1
2020 / 03,Brooklyn,3,16,316,2027,93.8,151.8
2020 / 03,Brooklyn,3,17,317,3965.2,274.7,427.9
2020 / 03,Brooklyn,3,18,318,4845.4,526.4,609.2
2020 / 03,Queens,4,01,401,3937.1,638,700.2
2020 / 03,Queens,4,02,402,2931.5,435.3,445.1
2020 / 03,Queens,4,03,403,4577.8,324.9,483.8
2020 / 03,Queens,4,04,404,3948.8,315.7,428
2020 / 03,Queens,4,05,405,4562.3,594.1,762.2
2020 / 03,Queens,4,06,406,2749.2,398.6,392.8
2020 / 03,Queens,4,07,407,6163.7,788,785.1
2020 / 03,Queens,4,08,408,3454.1,422.7,417.6
2020 / 03,Queens,4,09,409,3613.2,423.5,556.6
2020 / 03,Queens,4,10,410,3461.1,351,515.8
2020 / 03,Queens,4,11,411,2685.3,459.8,468.4
2020 / 03,Queens,4,12,412,5999.5,417.8,829.1
2020 / 03,Queens,4,13,413,4606.7,414.2,816.5
2020 / 03,Queens,4,14,414,2763.7,248.9,266.3
2020 / 03,Staten Island,5,01,501,4932.1,584.8,688.3
2020 / 03,Staten Island,5,02,502,4014.9,545.9,534.3
2020 / 03,Staten Island,5,03,503,5463.3,743.4,707.2
2020 / 02,Manhattan,1,01,101,1285.2,385.4,252.1
2020 / 02,Manhattan,1,02,102,1717.3,412.4,310
2020 / 02,Manhattan,1,03,103,2707.7,308.8,301.4
2020 / 02,Manhattan,1,04,104,2153,472.3,382.8
2020 / 02,Manhattan,1,05,105,1194.2,257.8,171
2020 / 02,Manhattan,1,06,106,2628.2,526.2,408.4
2020 / 02,Manhattan,1,07,107,4253.6,1017.3,758.6
2020 / 02,Manhattan,1,08,108,4690.8,1084.8,812.3
2020 / 02,Manhattan,1,09,109,1979.6,247.7,266.3
2020 / 02,Manhattan,1,10,110,2316.6,229.9,245.6
2020 / 02,Manhattan,1,11,111,2063.2,192.2,181.5
2020 / 02,Manhattan,1,12,112,4166.3,398.2,468.2
2020 / 02,Bronx,2,01,201,1793.6,101.9,122.4
2020 / 02,Bronx,2,02,202,1346.8,92.5,138.4
2020 / 02,Bronx,2,03,203,1731.9,118.4,193.5
2020 / 02,Bronx,2,04,204,3589.5,212.3,335.3
2020 / 02,Bronx,2,05,205,3081.1,178.2,293.7
2020 / 02,Bronx,2,06,206,1972.7,123.2,180.8
2020 / 02,Bronx,2,07,207,3240.4,250.2,420.8
2020 / 02,Bronx,2,08,208,1999.5,286.4,329.9
2020 / 02,Bronx,2,09,209,3262.2,199.7,308.4
2020 / 02,Bronx,2,10,210,2084.6,256.1,370.2
2020 / 02,Bronx,2,11,211,2523.2,238.7,326
2020 / 02,Bronx,2,12,212,3081.5,302.5,502.5
2020 / 02,Brooklyn,3,01,301,5065.6,605.8,451.6
2020 / 02,Brooklyn,3,02,302,2255,479.1,382.4
2020 / 02,Brooklyn,3,03,303,3452.5,330.8,325.7
2020 / 02,Brooklyn,3,04,304,2665.1,236.5,349
2020 / 02,Brooklyn,3,05,305,3871.4,212,343.6
2020 / 02,Brooklyn,3,06,306,1812,491.7,390.4
2020 / 02,Brooklyn,3,07,307,2787,357.8,353.9
2020 / 02,Brooklyn,3,08,308,2306.3,259.5,248.2
2020 / 02,Brooklyn,3,09,309,2630.2,250.3,221.8
2020 / 02,Brooklyn,3,10,310,2818.5,418,408.6
2020 / 02,Brooklyn,3,11,311,4367.3,519.8,483.9
2020 / 02,Brooklyn,3,12,312,5717.2,603.1,395.3
2020 / 02,Brooklyn,3,13,313,1727.2,154.2,194.9
2020 / 02,Brooklyn,3,14,314,4062.5,429.5,360.5
2020 / 02,Brooklyn,3,15,315,3924.1,508.9,443.7
2020 / 02,Brooklyn,3,16,316,1796.4,94.7,146.8
2020 / 02,Brooklyn,3,17,317,3646.5,258.6,382.4
2020 / 02,Brooklyn,3,18,318,4388.2,461.7,525.5
2020 / 02,Queens,4,01,401,3473.8,540.3,576.3
2020 / 02,Queens,4,02,402,2625.6,370.6,361.8
2020 / 02,Queens,4,03,403,4172.5,315.1,435.8
2020 / 02,Queens,4,04,404,3553.1,284.3,384.5
2020 / 02,Queens,4,05,405,4045.7,530.6,650.9
2020 / 02,Queens,4,06,406,2440.6,364.4,333.4
2020 / 02,Queens,4,07,407,5371.4,694.6,661.4
2020 / 02,Queens,4,08,408,3018.5,386.2,358.3
2020 / 02,Queens,4,09,409,3267.8,367.3,467.4
2020 / 02,Queens,4,10,410,2999.8,297.5,435.2
2020 / 02,Queens,4,11,411,2242.2,391.5,373.3
2020 / 02,Queens,4,12,412,5414.7,377.1,742.7
2020 / 02,Queens,4,13,413,4030.4,346.9,719.6
2020 / 02,Queens,4,14,414,2367,212.7,234
2020 / 02,Staten Island,5,01,501,4212.7,515.5,572.9
2020 / 02,Staten Island,5,02,502,3418.3,459.3,428.3
2020 / 02,Staten Island,5,03,503,4510.2,632,579.9
2020 / 01,Manhattan,1,01,101,1347.5,444.1,283
2020 / 01,Manhattan,1,02,102,1856.3,484.6,352.2
2020 / 01,Manhattan,1,03,103,2857,381.9,365.6
2020 / 01,Manhattan,1,04,104,2303.8,541.2,460.7
2020 / 01,Manhattan,1,05,105,1285.2,298.7,201
2020 / 01,Manhattan,1,06,106,2788.6,619.2,487
2020 / 01,Manhattan,1,07,107,4683.6,1140.8,859.9
2020 / 01,Manhattan,1,08,108,5085,1263.7,914.2
2020 / 01,Manhattan,1,09,109,2116.1,286.4,306.2
2020 / 01,Manhattan,1,10,110,2608.2,315.7,317.2
2020 / 01,Manhattan,1,11,111,2237.3,264.8,237.3
2020 / 01,Manhattan,1,12,112,4654.9,506.7,612.3
2020 / 01,Bronx,2,01,201,1973.9,118.8,142
2020 / 01,Bronx,2,02,202,1484.8,125.2,183.9
2020 / 01,Bronx,2,03,203,1927.2,165.4,236.9
2020 / 01,Bronx,2,04,204,3877.7,236.8,388
2020 / 01,Bronx,2,05,205,3304.4,202.3,332.1
2020 / 01,Bronx,2,06,206,2176.8,172.6,236.4
2020 / 01,Bronx,2,07,207,3568.5,308.9,512.6
2020 / 01,Bronx,2,08,208,2250,346.8,406
2020 / 01,Bronx,2,09,209,3664.2,237,365.6
2020 / 01,Bronx,2,10,210,2348.2,339.8,427.6
2020 / 01,Bronx,2,11,211,2821.3,312.8,374.3
2020 / 01,Bronx,2,12,212,3496.6,389,618.1
2020 / 01,Brooklyn,3,01,301,5299.1,714.1,545
2020 / 01,Brooklyn,3,02,302,2450.4,582.7,463.8
2020 / 01,Brooklyn,3,03,303,3885.9,425.4,415.9
2020 / 01,Brooklyn,3,04,304,2947.4,297,403.6
2020 / 01,Brooklyn,3,05,305,4358.6,288.2,459.3
2020 / 01,Brooklyn,3,06,306,2081.9,611.8,473.8
2020 / 01,Brooklyn,3,07,307,3132.2,444.3,435.2
2020 / 01,Brooklyn,3,08,308,2583.3,306.6,303.5
2020 / 01,Brooklyn,3,09,309,2879.2,307.5,285.8
2020 / 01,Brooklyn,3,10,310,3221.2,528.5,502.9
2020 / 01,Brooklyn,3,11,311,4881.9,647.8,589.8
2020 / 01,Brooklyn,3,12,312,6084.9,693.1,454.2
2020 / 01,Brooklyn,3,13,313,1931.7,194.2,251.9
2020 / 01,Brooklyn,3,14,314,4583.6,488.9,410.3
2020 / 01,Brooklyn,3,15,315,4310.6,606.8,519.6
2020 / 01,Brooklyn,3,16,316,2022.3,125.5,188
2020 / 01,Brooklyn,3,17,317,4047.7,318.6,472.3
2020 / 01,Brooklyn,3,18,318,5060.7,591.8,644.6
2020 / 01,Queens,4,01,401,3935.7,662.1,696.1
2020 / 01,Queens,4,02,402,2927,461.1,438.2
2020 / 01,Queens,4,03,403,4658.7,410.6,540.7
2020 / 01,Queens,4,04,404,3990.8,383.7,487.1
2020 / 01,Queens,4,05,405,4562.5,691.3,779.1
2020 / 01,Queens,4,06,406,2749.6,459.8,414.8
2020 / 01,Queens,4,07,407,6075.7,843.4,788.1
2020 / 01,Queens,4,08,408,3374.4,468.9,411.6
2020 / 01,Queens,4,09,409,3634.3,463.6,552.2
2020 / 01,Queens,4,10,410,3409.9,386.4,506.1
2020 / 01,Queens,4,11,411,2615.7,497.4,456.6
2020 / 01,Queens,4,12,412,6084.4,483.9,875.9
2020 / 01,Queens,4,13,413,4520.2,448.6,857.4
2020 / 01,Queens,4,14,414,2703.6,267,279.4
2020 / 01,Staten Island,5,01,501,4751,650.1,713.9
2020 / 01,Staten Island,5,02,502,3946.9,586,534.8
2020 / 01,Staten Island,5,03,503,5351.9,856.2,761.6
2019 / 12,Manhattan,1,01,101,1362.1,474.9,273.6
2019 / 12,Manhattan,1,02,102,1885.9,525.5,340.4
2019 / 12,Manhattan,1,03,103,2903.3,320.7,286.2
2019 / 12,Manhattan,1,04,104,2359.9,537.4,391
2019 / 12,Manhattan,1,05,105,1331.1,340.8,191.1
2019 / 12,Manhattan,1,06,106,2864.3,631.3,428.3
2019 / 12,Manhattan,1,07,107,4854,1309,847
2019 / 12,Manhattan,1,08,108,5218.6,1335.7,844.1
2019 / 12,Manhattan,1,09,109,2234,286,267.1
2019 / 12,Manhattan,1,10,110,2712.6,291.2,260.2
2019 / 12,Manhattan,1,11,111,2371.5,211.1,173.3
2019 / 12,Manhattan,1,12,112,4914.2,515.9,524.4
2019 / 12,Bronx,2,01,201,2030.1,164.9,176.5
2019 / 12,Bronx,2,02,202,1503.1,132.7,160.4
2019 / 12,Bronx,2,03,203,1937.3,136.7,192
2019 / 12,Bronx,2,04,204,3873,317.1,397.3
2019 / 12,Bronx,2,05,205,3355.7,244.5,341.3
2019 / 12,Bronx,2,06,206,2218.4,152.4,191.7
2019 / 12,Bronx,2,07,207,3573.7,336.6,482.6
2019 / 12,Bronx,2,08,208,2355.4,403.2,417.3
2019 / 12,Bronx,2,09,209,3636.9,267.3,365.8
2019 / 12,Bronx,2,10,210,2406.8,366.7,457.4
2019 / 12,Bronx,2,11,211,2866.3,350.8,380.7
2019 / 12,Bronx,2,12,212,3682.7,423.2,610.3
2019 / 12,Brooklyn,3,01,301,5652,742.4,511.5
2019 / 12,Brooklyn,3,02,302,2511.6,583.5,407
2019 / 12,Brooklyn,3,03,303,4150.4,433.9,395.1
2019 / 12,Brooklyn,3,04,304,3077.4,325.9,379.3
2019 / 12,Brooklyn,3,05,305,4694.9,318,431.9
2019 / 12,Brooklyn,3,06,306,2159.6,657.7,452.1
2019 / 12,Brooklyn,3,07,307,3194.3,476.8,415
2019 / 12,Brooklyn,3,08,308,2782.1,359.9,304.6
2019 / 12,Brooklyn,3,09,309,3118.5,296.9,253.3
2019 / 12,Brooklyn,3,10,310,3368.3,605.8,493
2019 / 12,Brooklyn,3,11,311,5000.6,707.1,569.9
2019 / 12,Brooklyn,3,12,312,6254.3,738.6,450.2
2019 / 12,Brooklyn,3,13,313,2002,213.7,227.2
2019 / 12,Brooklyn,3,14,314,4899.9,579.6,417.4
2019 / 12,Brooklyn,3,15,315,4561.4,676.6,505.4
2019 / 12,Brooklyn,3,16,316,2152.2,122.4,150.9
2019 / 12,Brooklyn,3,17,317,4595.5,371,494.8
2019 / 12,Brooklyn,3,18,318,5595.3,715.3,662.9
2019 / 12,Queens,4,01,401,4111.7,725.5,667.8
2019 / 12,Queens,4,02,402,2993.6,509.8,413.9
2019 / 12,Queens,4,03,403,4953,426.6,496.4
2019 / 12,Queens,4,04,404,4066.2,385.6,437.1
2019 / 12,Queens,4,05,405,4870.1,775.8,758.6
2019 / 12,Queens,4,06,406,2886.2,468.3,374
2019 / 12,Queens,4,07,407,6346.1,961.7,772.3
2019 / 12,Queens,4,08,408,3656.9,529.7,409.4
2019 / 12,Queens,4,09,409,3854.8,535.6,550.9
2019 / 12,Queens,4,10,410,3820.2,479.6,523.4
2019 / 12,Queens,4,11,411,2859.3,561.2,461.2
2019 / 12,Queens,4,12,412,6798.7,552.4,933.7
2019 / 12,Queens,4,13,413,5115.6,529.9,873.9
2019 / 12,Queens,4,14,414,2865.5,312.7,290.8
2019 / 12,Staten Island,5,01,501,5329.7,748,741.3
2019 / 12,Staten Island,5,02,502,4279.2,665.8,546
2019 / 12,Staten Island,5,03,503,5875.4,968.6,739.1
2019 / 11,Manhattan,1,01,101,1396.7,426.4,260.9
2019 / 11,Manhattan,1,02,102,1925.9,457,314.1
2019 / 11,Manhattan,1,03,103,2916.3,309.2,295.4
2019 / 11,Manhattan,1,04,104,2349.6,497.9,391
2019 / 11,Manhattan,1,05,105,1323,290.4,180.4
2019 / 11,Manhattan,1,06,106,2859.2,560.4,413
2019 / 11,Manhattan,1,07,107,4784.6,1150.2,769.6
2019 / 11,Manhattan,1,08,108,5271.4,1273.9,819.1
2019 / 11,Manhattan,1,09,109,2186.3,285,270.8
2019 / 11,Manhattan,1,10,110,2596.4,249.8,235.8
2019 / 11,Manhattan,1,11,111,2263.8,196.5,181.6
2019 / 11,Manhattan,1,12,112,4661.7,398,462.2
2019 / 11,Bronx,2,01,201,1915.8,116.7,134
2019 / 11,Bronx,2,02,202,1432,90.5,128.9
2019 / 11,Bronx,2,03,203,1789.4,114.9,184.2
2019 / 11,Bronx,2,04,204,3821.9,225.2,354
2019 / 11,Bronx,2,05,205,3276.5,196.8,312.6
2019 / 11,Bronx,2,06,206,2098.4,128.1,178.7
2019 / 11,Bronx,2,07,207,3460.4,246.6,413.1
2019 / 11,Bronx,2,08,208,2260.4,316.3,337.7
2019 / 11,Bronx,2,09,209,3557.8,195,309.1
2019 / 11,Bronx,2,10,210,2384.4,271.7,385.1
2019 / 11,Bronx,2,11,211,2753.6,267.1,308.6
2019 / 11,Bronx,2,12,212,3427.3,329.5,533.6
2019 / 11,Brooklyn,3,01,301,5376.1,610.5,424.5
2019 / 11,Brooklyn,3,02,302,2528,511.6,395.3
2019 / 11,Brooklyn,3,03,303,3943,347.6,327.7
2019 / 11,Brooklyn,3,04,304,2997.9,261.4,351.7
2019 / 11,Brooklyn,3,05,305,4322.3,225.7,353.6
2019 / 11,Brooklyn,3,06,306,2082.6,558.2,409.4
2019 / 11,Brooklyn,3,07,307,3096.8,385.1,375.4
2019 / 11,Brooklyn,3,08,308,2645.7,270.4,247.2
2019 / 11,Brooklyn,3,09,309,2942.1,267.6,240.6
2019 / 11,Brooklyn,3,10,310,3138,453.8,420.2
2019 / 11,Brooklyn,3,11,311,4792.9,535.7,479.9
2019 / 11,Brooklyn,3,12,312,6115.9,607.2,394.2
2019 / 11,Brooklyn,3,13,313,1928.4,167.4,212.6
2019 / 11,Brooklyn,3,14,314,4529.2,450.8,373.2
2019 / 11,Brooklyn,3,15,315,4408,524.9,444.7
2019 / 11,Brooklyn,3,16,316,2013.6,98.3,152.5
2019 / 11,Brooklyn,3,17,317,4139.4,278.2,396.7
2019 / 11,Brooklyn,3,18,318,5132.6,497.6,541.5
2019 / 11,Queens,4,01,401,3921.5,572.6,587.3
2019 / 11,Queens,4,02,402,2882.9,393.6,368.9
2019 / 11,Queens,4,03,403,4719.3,331.9,438.8
2019 / 11,Queens,4,04,404,3961.7,298.4,394.8
2019 / 11,Queens,4,05,405,4718.6,572,671.4
2019 / 11,Queens,4,06,406,2718.8,385.2,340.6
2019 / 11,Queens,4,07,407,6173.1,749.6,667
2019 / 11,Queens,4,08,408,3465.6,417.9,362.3
2019 / 11,Queens,4,09,409,3659.9,397.8,480.3
2019 / 11,Queens,4,10,410,3577.7,331.4,441.9
2019 / 11,Queens,4,11,411,2759.6,422.5,380.8
2019 / 11,Queens,4,12,412,5998.8,404.2,743.1
2019 / 11,Queens,4,13,413,4853.4,417.2,718.4
2019 / 11,Queens,4,14,414,2679.6,223,240.5
2019 / 11,Staten Island,5,01,501,4607.8,544.1,579.3
2019 / 11,Staten Island,5,02,502,3918,471.6,443.8
2019 / 11,Staten Island,5,03,503,5287.5,665.9,629.2
2019 / 10,Manhattan,1,01,101,1481.4,442.6,265.6
2019 / 10,Manhattan,1,02,102,2019.5,540,364
2019 / 10,Manhattan,1,03,103,3076.6,372.9,333.9
2019 / 10,Manhattan,1,04,104,2486,529.8,417.7
2019 / 10,Manhattan,1,05,105,1371.3,342.9,212.3
2019 / 10,Manhattan,1,06,106,3064.6,643,459.2
2019 / 10,Manhattan,1,07,107,4967.3,1188.1,803.7
2019 / 10,Manhattan,1,08,108,5618.1,1322.9,868.6
2019 / 10,Manhattan,1,09,109,2269.9,264.2,265.2
2019 / 10,Manhattan,1,10,110,2706.1,287.6,275.2
2019 / 10,Manhattan,1,11,111,2363.3,243.5,212.5
2019 / 10,Manhattan,1,12,112,4868,493.1,550.2
2019 / 10,Bronx,2,01,201,2022.5,115.9,144.7
2019 / 10,Bronx,2,02,202,1564.3,116.5,154.2
2019 / 10,Bronx,2,03,203,1970,132.9,227.3
2019 / 10,Bronx,2,04,204,4013.7,230.3,369.4
2019 / 10,Bronx,2,05,205,3458.7,193.3,326.3
2019 / 10,Bronx,2,06,206,2232.9,152.9,227.1
2019 / 10,Bronx,2,07,207,3711.5,284,482.3
2019 / 10,Bronx,2,08,208,2380.2,352.9,389.8
2019 / 10,Bronx,2,09,209,3859.8,216.5,351.9
2019 / 10,Bronx,2,10,210,2569,294.7,414.2
2019 / 10,Bronx,2,11,211,3116.7,285.7,353.4
2019 / 10,Bronx,2,12,212,3807.7,363.7,580.1
2019 / 10,Brooklyn,3,01,301,5761,695.6,534
2019 / 10,Brooklyn,3,02,302,2671,568.8,422.4
2019 / 10,Brooklyn,3,03,303,4107.8,415.3,394.4
2019 / 10,Brooklyn,3,04,304,3124.1,282.4,373.5
2019 / 10,Brooklyn,3,05,305,4754.6,263.1,430.8
2019 / 10,Brooklyn,3,06,306,2171.1,590.7,426.6
2019 / 10,Brooklyn,3,07,307,3342.5,418.4,415.4
2019 / 10,Brooklyn,3,08,308,2720.1,324.7,293.3
2019 / 10,Brooklyn,3,09,309,3247.8,282.1,242
2019 / 10,Brooklyn,3,10,310,3358.3,493.8,456.6
2019 / 10,Brooklyn,3,11,311,5142.4,583.7,539.1
2019 / 10,Brooklyn,3,12,312,6687.2,662,478.5
2019 / 10,Brooklyn,3,13,313,2105,181.4,230.9
2019 / 10,Brooklyn,3,14,314,4931.5,471.6,393.6
2019 / 10,Brooklyn,3,15,315,4909.5,590.1,515.5
2019 / 10,Brooklyn,3,16,316,2151,108.3,163.8
2019 / 10,Brooklyn,3,17,317,4441.1,301.6,446.5
2019 / 10,Brooklyn,3,18,318,5634.5,542.8,605.3
2019 / 10,Queens,4,01,401,4151.5,635.2,648.3
2019 / 10,Queens,4,02,402,3053.7,450.2,409.9
2019 / 10,Queens,4,03,403,5031.1,379.1,491.8
2019 / 10,Queens,4,04,404,4120.4,333.4,459.3
2019 / 10,Queens,4,05,405,4830.3,638.5,728.7
2019 / 10,Queens,4,06,406,2927.8,419.3,371.6
2019 / 10,Queens,4,07,407,6619.9,799.1,739
2019 / 10,Queens,4,08,408,3825.4,456.9,409.9
2019 / 10,Queens,4,09,409,3996.1,455.6,543.3
2019 / 10,Queens,4,10,410,3957.9,381,497
2019 / 10,Queens,4,11,411,2963.1,469.8,443
2019 / 10,Queens,4,12,412,6906.6,469.6,841.5
2019 / 10,Queens,4,13,413,5368.5,490.2,794.7
2019 / 10,Queens,4,14,414,2942.2,254,272.8
2019 / 10,Staten Island,5,01,501,5142.1,593.9,670.8
2019 / 10,Staten Island,5,02,502,4345.5,554.3,531.9
2019 / 10,Staten Island,5,03,503,5792.1,748.2,718.4
2019 / 09,Manhattan,1,01,101,1356.6,428.5,240.5
2019 / 09,Manhattan,1,02,102,1818.8,476.4,308.7
2019 / 09,Manhattan,1,03,103,3012.7,337.8,287.5
2019 / 09,Manhattan,1,04,104,2304.3,496,361
2019 / 09,Manhattan,1,05,105,1279.8,288.2,164.7
2019 / 09,Manhattan,1,06,106,2763.2,561.5,378.2
2019 / 09,Manhattan,1,07,107,4571,1119.1,730.4
2019 / 09,Manhattan,1,08,108,4958.2,1200.4,721.8
2019 / 09,Manhattan,1,09,109,2128.4,285.1,243.6
2019 / 09,Manhattan,1,10,110,2560.7,250.9,236.8
2019 / 09,Manhattan,1,11,111,2243.4,208.1,173.8
2019 / 09,Manhattan,1,12,112,4554.7,416.5,460.3
2019 / 09,Bronx,2,01,201,1959.3,111.1,135.1
2019 / 09,Bronx,2,02,202,1442,94.4,133.8
2019 / 09,Bronx,2,03,203,1857.2,114.8,193.2
2019 / 09,Bronx,2,04,204,3885.6,216.5,347.5
2019 / 09,Bronx,2,05,205,3299.1,166.4,305
2019 / 09,Bronx,2,06,206,2209.1,122.6,180.5
2019 / 09,Bronx,2,07,207,3548.4,244.7,438.5
2019 / 09,Bronx,2,08,208,2188,306.2,340
2019 / 09,Bronx,2,09,209,3673.3,190.3,317.4
2019 / 09,Bronx,2,10,210,2382.8,255.8,383.8
2019 / 09,Bronx,2,11,211,2951.2,251.7,319.7
2019 / 09,Bronx,2,12,212,3567.6,322.3,547
2019 / 09,Brooklyn,3,01,301,5272.8,661.7,470.2
2019 / 09,Brooklyn,3,02,302,2435.2,506.8,372.5
2019 / 09,Brooklyn,3,03,303,3998.2,382.1,359.5
2019 / 09,Brooklyn,3,04,304,3018.1,280.3,368.2
2019 / 09,Brooklyn,3,05,305,4468.6,227.9,400
2019 / 09,Brooklyn,3,06,306,2036.9,532.6,391.4
2019 / 09,Brooklyn,3,07,307,3084.6,398.5,381.1
2019 / 09,Brooklyn,3,08,308,2601.9,289.2,275.2
2019 / 09,Brooklyn,3,09,309,2946.9,261.9,218.2
2019 / 09,Brooklyn,3,10,310,3160.6,457.1,424.1
2019 / 09,Brooklyn,3,11,311,4860.9,537.8,488
2019 / 09,Brooklyn,3,12,312,6128.5,657.2,419.1
2019 / 09,Brooklyn,3,13,313,1976.3,164.9,209.1
2019 / 09,Brooklyn,3,14,314,4637.7,486.4,374.1
2019 / 09,Brooklyn,3,15,315,4520,569.2,470.5
2019 / 09,Brooklyn,3,16,316,2063.8,89,160.8
2019 / 09,Brooklyn,3,17,317,4367.3,280.3,432.9
2019 / 09,Brooklyn,3,18,318,5561,510.8,593.4
2019 / 09,Queens,4,01,401,3790.5,555.5,585.4
2019 / 09,Queens,4,02,402,2866.9,404,365.5
2019 / 09,Queens,4,03,403,4771.7,342.7,448.3
2019 / 09,Queens,4,04,404,3933.2,303.6,409.4
2019 / 09,Queens,4,05,405,4534.4,580.4,687.3
2019 / 09,Queens,4,06,406,2730,397.6,339.2
2019 / 09,Queens,4,07,407,6163.2,731.9,672.4
2019 / 09,Queens,4,08,408,3557.2,435.3,375.1
2019 / 09,Queens,4,09,409,3718.2,427.9,510.2
2019 / 09,Queens,4,10,410,3682.8,355.4,483.4
2019 / 09,Queens,4,11,411,2787.2,428.2,397.1
2019 / 09,Queens,4,12,412,6808.7,444.3,795.1
2019 / 09,Queens,4,13,413,5206.3,460.5,756.4
2019 / 09,Queens,4,14,414,2848.1,243.9,264.7
2019 / 09,Staten Island,5,01,501,5032.6,559.1,648.6
2019 / 09,Staten Island,5,02,502,4239.6,502.6,501
2019 / 09,Staten Island,5,03,503,5506.4,662,671.8
2019 / 08,Manhattan,1,01,101,1348.4,425.3,266.3
2019 / 08,Manhattan,1,02,102,1819.4,412.1,295.7
2019 / 08,Manhattan,1,03,103,3123.8,377.1,342.4
2019 / 08,Manhattan,1,04,104,2356.8,557.6,435.3
2019 / 08,Manhattan,1,05,105,1305.5,275.8,174.3
2019 / 08,Manhattan,1,06,106,2850.9,632,456.9
2019 / 08,Manhattan,1,07,107,4524.5,1093.8,758.5
2019 / 08,Manhattan,1,08,108,4786.4,1133.5,755
2019 / 08,Manhattan,1,09,109,2233.5,324.7,299.3
2019 / 08,Manhattan,1,10,110,2738.3,278.5,269.5
2019 / 08,Manhattan,1,11,111,2277.5,210.3,184.4
2019 / 08,Manhattan,1,12,112,4770.9,477.5,521.5
2019 / 08,Bronx,2,01,201,2096,115.5,142.3
2019 / 08,Bronx,2,02,202,1576.1,126.8,180.2
2019 / 08,Bronx,2,03,203,1997.8,112.5,196.5
2019 / 08,Bronx,2,04,204,4155,241.3,358.5
2019 / 08,Bronx,2,05,205,3600.9,194.3,325.4
2019 / 08,Bronx,2,06,206,2322.9,131.1,186.2
2019 / 08,Bronx,2,07,207,3812.8,274.6,472.2
2019 / 08,Bronx,2,08,208,2286.6,311.1,356.8
2019 / 08,Bronx,2,09,209,3885,227.9,372.2
2019 / 08,Bronx,2,10,210,2568.6,304.8,434.1
2019 / 08,Bronx,2,11,211,3153.7,294.3,369.1
2019 / 08,Bronx,2,12,212,3999.2,376.1,623.5
2019 / 08,Brooklyn,3,01,301,4698.4,622.5,503.6
2019 / 08,Brooklyn,3,02,302,2509.6,524.5,390.1
2019 / 08,Brooklyn,3,03,303,3978.4,359.8,384.9
2019 / 08,Brooklyn,3,04,304,3219.5,293.9,409.1
2019 / 08,Brooklyn,3,05,305,4909.3,257.5,427.9
2019 / 08,Brooklyn,3,06,306,2046,536.1,403.3
2019 / 08,Brooklyn,3,07,307,3263.2,399.4,408.1
2019 / 08,Brooklyn,3,08,308,2702.2,269.6,268
2019 / 08,Brooklyn,3,09,309,3012.9,282.7,254.8
2019 / 08,Brooklyn,3,10,310,3224.5,475.4,447.8
2019 / 08,Brooklyn,3,11,311,4960,577,535.7
2019 / 08,Brooklyn,3,12,312,4959,543.6,382.8
2019 / 08,Brooklyn,3,13,313,2016.2,181.1,236.1
2019 / 08,Brooklyn,3,14,314,4611.4,434.9,377.9
2019 / 08,Brooklyn,3,15,315,4273.1,517.6,473.7
2019 / 08,Brooklyn,3,16,316,2197.8,113.8,187.3
2019 / 08,Brooklyn,3,17,317,4727.7,318.4,480.8
2019 / 08,Brooklyn,3,18,318,5912.6,552,668.3
2019 / 08,Queens,4,01,401,3941.7,578.4,614.5
2019 / 08,Queens,4,02,402,3050.4,424.6,401.9
2019 / 08,Queens,4,03,403,5224.6,385.7,502.8
2019 / 08,Queens,4,04,404,4164.5,344.3,449.8
2019 / 08,Queens,4,05,405,4719.6,605.8,750.9
2019 / 08,Queens,4,06,406,2873.6,416.2,377.2
2019 / 08,Queens,4,07,407,6668.8,796.6,742.3
2019 / 08,Queens,4,08,408,3744,468.3,426.2
2019 / 08,Queens,4,09,409,4037.3,440,559.4
2019 / 08,Queens,4,10,410,4007.7,370.7,527.8
2019 / 08,Queens,4,11,411,2947.4,442.7,420.2
2019 / 08,Queens,4,12,412,7549.2,509.9,924.1
2019 / 08,Queens,4,13,413,5638.6,518.7,896.6
2019 / 08,Queens,4,14,414,3124.8,283.4,322.3
2019 / 08,Staten Island,5,01,501,5401.8,614.6,724.3
2019 / 08,Staten Island,5,02,502,4453.2,542,544.4
2019 / 08,Staten Island,5,03,503,5757.2,731.6,756.4
2019 / 07,Manhattan,1,01,101,1366.7,362,220.7
2019 / 07,Manhattan,1,02,102,1874.7,459.8,335.6
2019 / 07,Manhattan,1,03,103,3211.1,336.2,312.2
2019 / 07,Manhattan,1,04,104,2418.8,481.1,375.5
2019 / 07,Manhattan,1,05,105,1295.5,293.7,186.8
2019 / 07,Manhattan,1,06,106,2891.5,533.4,381.7
2019 / 07,Manhattan,1,07,107,4643.9,1025.1,726.1
2019 / 07,Manhattan,1,08,108,4858.7,1081.2,723.5
2019 / 07,Manhattan,1,09,109,2273.9,249.5,251.4
2019 / 07,Manhattan,1,10,110,2817.5,274.9,275.8
2019 / 07,Manhattan,1,11,111,2292.6,236.2,211.5
2019 / 07,Manhattan,1,12,112,4971.4,473.7,529.9
2019 / 07,Bronx,2,01,201,2143.2,127.8,167.2
2019 / 07,Bronx,2,02,202,1593.5,106,141.9
2019 / 07,Bronx,2,03,203,2107.2,140.4,235.3
2019 / 07,Bronx,2,04,204,4278.4,261.8,386.9
2019 / 07,Bronx,2,05,205,3640.2,214.1,351.1
2019 / 07,Bronx,2,06,206,2416.9,170.2,233.9
2019 / 07,Bronx,2,07,207,3991.4,313.5,478.7
2019 / 07,Bronx,2,08,208,2422.1,352.5,394.7
2019 / 07,Bronx,2,09,209,4055.1,229.2,366.2
2019 / 07,Bronx,2,10,210,2698.1,302.1,445.2
2019 / 07,Bronx,2,11,211,3285.1,304.9,375.6
2019 / 07,Bronx,2,12,212,4238.1,403.9,660.5
2019 / 07,Brooklyn,3,01,301,4735.6,565.3,483
2019 / 07,Brooklyn,3,02,302,2544.4,504.1,403.1
2019 / 07,Brooklyn,3,03,303,4227.8,382.6,409.6
2019 / 07,Brooklyn,3,04,304,3380.6,282.7,402.6
2019 / 07,Brooklyn,3,05,305,5283,296.5,474.4
2019 / 07,Brooklyn,3,06,306,2164.1,524.2,412.6
2019 / 07,Brooklyn,3,07,307,3467.1,439.9,426.4
2019 / 07,Brooklyn,3,08,308,2908.2,321.6,314.1
2019 / 07,Brooklyn,3,09,309,3120.3,266.5,245.1
2019 / 07,Brooklyn,3,10,310,3408.4,517.5,474
2019 / 07,Brooklyn,3,11,311,5271.5,608.4,552.5
2019 / 07,Brooklyn,3,12,312,5065.1,524.3,374.1
2019 / 07,Brooklyn,3,13,313,2181.9,191.5,243.3
2019 / 07,Brooklyn,3,14,314,4831.1,472.7,398.2
2019 / 07,Brooklyn,3,15,315,4488.3,549.9,505.3
2019 / 07,Brooklyn,3,16,316,2415.4,109.5,175.3
2019 / 07,Brooklyn,3,17,317,5071.4,331.2,495.3
2019 / 07,Brooklyn,3,18,318,6280.9,578.2,665
2019 / 07,Queens,4,01,401,4208,638,666.1
2019 / 07,Queens,4,02,402,3230.2,451.4,418.9
2019 / 07,Queens,4,03,403,5456.7,390.4,495.9
2019 / 07,Queens,4,04,404,4383.3,366.5,438.3
2019 / 07,Queens,4,05,405,5035.1,618.6,748
2019 / 07,Queens,4,06,406,3019.5,417.5,367.5
2019 / 07,Queens,4,07,407,7054.6,825.8,772.4
2019 / 07,Queens,4,08,408,4006.6,463.7,423.9
2019 / 07,Queens,4,09,409,4271.1,486.2,583.9
2019 / 07,Queens,4,10,410,4311.2,391.9,571.9
2019 / 07,Queens,4,11,411,3151,488.7,466.1
2019 / 07,Queens,4,12,412,7905.4,513.6,966.2
2019 / 07,Queens,4,13,413,6015.4,503.1,933.3
2019 / 07,Queens,4,14,414,3371.7,261.7,318.5
2019 / 07,Staten Island,5,01,501,5731.4,652.9,765.8
2019 / 07,Staten Island,5,02,502,4784.8,571.6,581
2019 / 07,Staten Island,5,03,503,6319.7,788.6,799
2019 / 06,Manhattan,1,01,101,1413.1,435.8,254.5
2019 / 06,Manhattan,1,02,102,1905.2,494.2,340.4
2019 / 06,Manhattan,1,03,103,3005.1,343.4,312.9
2019 / 06,Manhattan,1,04,104,2391.6,527.5,392
2019 / 06,Manhattan,1,05,105,1337.6,289.8,169.6
2019 / 06,Manhattan,1,06,106,2889.6,584.5,413.5
2019 / 06,Manhattan,1,07,107,4801.9,1188.6,796.8
2019 / 06,Manhattan,1,08,108,5203.7,1234.4,811.6
2019 / 06,Manhattan,1,09,109,2244.3,294.6,276.1
2019 / 06,Manhattan,1,10,110,2734,265.9,253.6
2019 / 06,Manhattan,1,11,111,2353.6,222.4,197.2
2019 / 06,Manhattan,1,12,112,4724.2,446.1,482.5
2019 / 06,Bronx,2,01,201,1952.2,122.7,146.2
2019 / 06,Bronx,2,02,202,1476.7,108.2,147.5
2019 / 06,Bronx,2,03,203,1881.1,118.8,185.3
2019 / 06,Bronx,2,04,204,4016,247.5,367.9
2019 / 06,Bronx,2,05,205,3461.2,213,329.4
2019 / 06,Bronx,2,06,206,2210.8,145.2,191.3
2019 / 06,Bronx,2,07,207,3667.6,283.8,452.1
2019 / 06,Bronx,2,08,208,2285.3,327.6,359.8
2019 / 06,Bronx,2,09,209,3949.1,240.9,378.7
2019 / 06,Bronx,2,10,210,2644.9,307.1,452.4
2019 / 06,Bronx,2,11,211,3057,301.1,365.6
2019 / 06,Bronx,2,12,212,3852.6,381.9,611.9
2019 / 06,Brooklyn,3,01,301,5579.2,644.9,485.7
2019 / 06,Brooklyn,3,02,302,2575,558,406.9
2019 / 06,Brooklyn,3,03,303,4183.5,357.7,365
2019 / 06,Brooklyn,3,04,304,3187.5,295,385.9
2019 / 06,Brooklyn,3,05,305,4904.1,259.6,421.7
2019 / 06,Brooklyn,3,06,306,2210.1,588.3,438
2019 / 06,Brooklyn,3,07,307,3374.7,451.8,418.6
2019 / 06,Brooklyn,3,08,308,2718.9,297.9,277.7
2019 / 06,Brooklyn,3,09,309,3048.6,274.8,231.6
2019 / 06,Brooklyn,3,10,310,3345.9,517.6,468.1
2019 / 06,Brooklyn,3,11,311,5171.8,641,542.4
2019 / 06,Brooklyn,3,12,312,6307.3,656.5,445.2
2019 / 06,Brooklyn,3,13,313,2109.8,187.3,223.2
2019 / 06,Brooklyn,3,14,314,4867.6,527.6,415.5
2019 / 06,Brooklyn,3,15,315,4657.1,605.9,514.6
2019 / 06,Brooklyn,3,16,316,2198.3,114.2,166.3
2019 / 06,Brooklyn,3,17,317,4651.4,324.8,459.1
2019 / 06,Brooklyn,3,18,318,6038.7,584.1,654.8
2019 / 06,Queens,4,01,401,3994.2,631.8,640.9
2019 / 06,Queens,4,02,402,3010,438.7,384.8
2019 / 06,Queens,4,03,403,5096.3,385.4,478.8
2019 / 06,Queens,4,04,404,4091.6,349,410.3
2019 / 06,Queens,4,05,405,4973.7,648.2,742.6
2019 / 06,Queens,4,06,406,2840.9,420.6,357.2
2019 / 06,Queens,4,07,407,6734.4,842.7,775.5
2019 / 06,Queens,4,08,408,3865.6,475.4,424.7
2019 / 06,Queens,4,09,409,4128.9,498,569
2019 / 06,Queens,4,10,410,4176.4,407.1,565.9
2019 / 06,Queens,4,11,411,3130.8,490.5,463.4
2019 / 06,Queens,4,12,412,7505.4,494.3,929.6
2019 / 06,Queens,4,13,413,5757.4,517.7,888.7
2019 / 06,Queens,4,14,414,3168.4,286.5,302.1
2019 / 06,Staten Island,5,01,501,5423.9,667.8,772.7
2019 / 06,Staten Island,5,02,502,4692.7,601.5,586.7
2019 / 06,Staten Island,5,03,503,6315.7,805.1,825.6
2019 / 05,Manhattan,1,01,101,1470.5,446.5,266.3
2019 / 05,Manhattan,1,02,102,2081.7,477.5,345.6
2019 / 05,Manhattan,1,03,103,3184.7,369,356.5
2019 / 05,Manhattan,1,04,104,2516,577.6,446.9
2019 / 05,Manhattan,1,05,105,1404.7,308.3,198
2019 / 05,Manhattan,1,06,106,3033.4,649.9,471.7
2019 / 05,Manhattan,1,07,107,5070.3,1174,798
2019 / 05,Manhattan,1,08,108,5471.1,1291.8,859.1
2019 / 05,Manhattan,1,09,109,2450.7,306.8,302.2
2019 / 05,Manhattan,1,10,110,2885.6,295.7,291.3
2019 / 05,Manhattan,1,11,111,2493.1,235.1,206.9
2019 / 05,Manhattan,1,12,112,4988.8,495.1,550.9
2019 / 05,Bronx,2,01,201,1987.2,109.4,131.7
2019 / 05,Bronx,2,02,202,1538.6,115.2,183
2019 / 05,Bronx,2,03,203,1985.8,127.7,195.9
2019 / 05,Bronx,2,04,204,4096.8,237.8,329
2019 / 05,Bronx,2,05,205,3563.7,193.3,306
2019 / 05,Bronx,2,06,206,2334.8,153.8,211.1
2019 / 05,Bronx,2,07,207,3829.8,285.2,456.6
2019 / 05,Bronx,2,08,208,2419.5,324.3,352.3
2019 / 05,Bronx,2,09,209,4127,227.5,358.1
2019 / 05,Bronx,2,10,210,2761.1,307.3,448.3
2019 / 05,Bronx,2,11,211,3266.2,290.8,367.5
2019 / 05,Bronx,2,12,212,4065.5,378.6,581.8
2019 / 05,Brooklyn,3,01,301,5545.3,695.6,513.3
2019 / 05,Brooklyn,3,02,302,2653.4,533.2,423.4
2019 / 05,Brooklyn,3,03,303,4330.7,384,364.5
2019 / 05,Brooklyn,3,04,304,3217.8,271.1,362.1
2019 / 05,Brooklyn,3,05,305,5058.7,258.8,435.8
2019 / 05,Brooklyn,3,06,306,2318,581.1,451.9
2019 / 05,Brooklyn,3,07,307,3446.3,403.7,411.2
2019 / 05,Brooklyn,3,08,308,2848.7,280.9,265
2019 / 05,Brooklyn,3,09,309,3127.3,290.4,264
2019 / 05,Brooklyn,3,10,310,3465.1,491.2,466.7
2019 / 05,Brooklyn,3,11,311,5306.4,594.8,549.5
2019 / 05,Brooklyn,3,12,312,6471.8,708.7,492.3
2019 / 05,Brooklyn,3,13,313,2196.9,196.4,244.9
2019 / 05,Brooklyn,3,14,314,5018.9,464.6,379.7
2019 / 05,Brooklyn,3,15,315,4839.5,586.1,524.7
2019 / 05,Brooklyn,3,16,316,2179.4,119.5,181.2
2019 / 05,Brooklyn,3,17,317,4697,305.5,455.9
2019 / 05,Brooklyn,3,18,318,6118.8,556.3,654.8
2019 / 05,Queens,4,01,401,4249.1,586.1,622.6
2019 / 05,Queens,4,02,402,3133.7,421.2,392.5
2019 / 05,Queens,4,03,403,5362.9,387.8,498.1
2019 / 05,Queens,4,04,404,4252.6,344.3,427
2019 / 05,Queens,4,05,405,5143.7,617.1,738.3
2019 / 05,Queens,4,06,406,2978.6,420.9,367.4
2019 / 05,Queens,4,07,407,6925.1,800,746
2019 / 05,Queens,4,08,408,3980.8,471,415.3
2019 / 05,Queens,4,09,409,4271.8,435,532.2
2019 / 05,Queens,4,10,410,4259.9,378.7,516.4
2019 / 05,Queens,4,11,411,3228.4,464.3,447.2
2019 / 05,Queens,4,12,412,7717.8,473.8,875.6
2019 / 05,Queens,4,13,413,5915.9,518.4,817.2
2019 / 05,Queens,4,14,414,3220.2,262.3,284.7
2019 / 05,Staten Island,5,01,501,5710.2,620.9,702.1
2019 / 05,Staten Island,5,02,502,4994.5,566.4,560.3
2019 / 05,Staten Island,5,03,503,6938.4,833.7,833.4
2019 / 04,Manhattan,1,01,101,1390.6,380.2,230.8
2019 / 04,Manhattan,1,02,102,1959.7,473.2,343.6
2019 / 04,Manhattan,1,03,103,2978.7,289.4,293.5
2019 / 04,Manhattan,1,04,104,2394.8,465.4,360
2019 / 04,Manhattan,1,05,105,1322.7,288.9,185.1
2019 / 04,Manhattan,1,06,106,2879.2,520.3,388.8
2019 / 04,Manhattan,1,07,107,4867.4,1094.8,779.1
2019 / 04,Manhattan,1,08,108,5357.7,1172.6,795.1
2019 / 04,Manhattan,1,09,109,2230.2,238.3,243.3
2019 / 04,Manhattan,1,10,110,2693.7,256,252.6
2019 / 04,Manhattan,1,11,111,2348.2,206.4,183.8
2019 / 04,Manhattan,1,12,112,4778.3,418.2,479.7
2019 / 04,Bronx,2,01,201,1995.2,133.3,158
2019 / 04,Bronx,2,02,202,1504.6,92.6,145.2
2019 / 04,Bronx,2,03,203,1938.3,128,196.4
2019 / 04,Bronx,2,04,204,4078.5,247.7,363.7
2019 / 04,Bronx,2,05,205,3513.2,207.9,329.1
2019 / 04,Bronx,2,06,206,2246,144.8,195.8
2019 / 04,Bronx,2,07,207,3786.6,267.2,450.4
2019 / 04,Bronx,2,08,208,2349.8,323.3,367.4
2019 / 04,Bronx,2,09,209,3813.8,209,339.5
2019 / 04,Bronx,2,10,210,2518.5,289.4,402.5
2019 / 04,Bronx,2,11,211,2996.9,287.2,335.8
2019 / 04,Bronx,2,12,212,3734,366.3,559.1
2019 / 04,Brooklyn,3,01,301,5724.9,613.4,468.9
2019 / 04,Brooklyn,3,02,302,2456.1,493.9,376.7
2019 / 04,Brooklyn,3,03,303,4210.9,354.7,362.4
2019 / 04,Brooklyn,3,04,304,3038.9,252.6,349.1
2019 / 04,Brooklyn,3,05,305,4622.6,250,392.5
2019 / 04,Brooklyn,3,06,306,2186.4,538.6,408.2
2019 / 04,Brooklyn,3,07,307,3227,406.9,387.7
2019 / 04,Brooklyn,3,08,308,2697.4,299.4,272.3
2019 / 04,Brooklyn,3,09,309,3028.6,246,220
2019 / 04,Brooklyn,3,10,310,3210.6,471.9,421
2019 / 04,Brooklyn,3,11,311,4924.7,565.7,502.5
2019 / 04,Brooklyn,3,12,312,6412,653.9,429.4
2019 / 04,Brooklyn,3,13,313,2054.6,182.2,216.7
2019 / 04,Brooklyn,3,14,314,4903,483.2,390.6
2019 / 04,Brooklyn,3,15,315,4477.6,571.2,492
2019 / 04,Brooklyn,3,16,316,2126.4,98.1,138.2
2019 / 04,Brooklyn,3,17,317,4414.2,296.3,406.4
2019 / 04,Brooklyn,3,18,318,5531,537.5,559.7
2019 / 04,Queens,4,01,401,3989.5,587.5,636.5
2019 / 04,Queens,4,02,402,2959.7,397.9,384.4
2019 / 04,Queens,4,03,403,4971.7,334.3,448.7
2019 / 04,Queens,4,04,404,3923.7,301.6,391.7
2019 / 04,Queens,4,05,405,4838.4,594.9,707.5
2019 / 04,Queens,4,06,406,2863.1,393.2,361.2
2019 / 04,Queens,4,07,407,6244.4,755.7,712.7
2019 / 04,Queens,4,08,408,3618.5,436.2,412.7
2019 / 04,Queens,4,09,409,3912.5,425.6,521.2
2019 / 04,Queens,4,10,410,3800.2,364.6,496.5
2019 / 04,Queens,4,11,411,2866.2,451.5,442.9
2019 / 04,Queens,4,12,412,6854.9,454.4,812.3
2019 / 04,Queens,4,13,413,5272.6,446.4,759.5
2019 / 04,Queens,4,14,414,2901.9,240.1,255.2
2019 / 04,Staten Island,5,01,501,5332,604.8,683.9
2019 / 04,Staten Island,5,02,502,4391.5,543.1,534.9
2019 / 04,Staten Island,5,03,503,6037.6,716.8,716.2
2019 / 03,Manhattan,1,01,101,1312.5,415.5,255.8
2019 / 03,Manhattan,1,02,102,1797.5,428.4,313.8
2019 / 03,Manhattan,1,03,103,2862,314.5,319.3
2019 / 03,Manhattan,1,04,104,2231.1,516.2,409.7
2019 / 03,Manhattan,1,05,105,1229.1,263.7,170.5
2019 / 03,Manhattan,1,06,106,2757.4,567,431.6
2019 / 03,Manhattan,1,07,107,4577.9,1113.7,782.7
2019 / 03,Manhattan,1,08,108,4935.7,1187.3,817
2019 / 03,Manhattan,1,09,109,2093.6,271,265.3
2019 / 03,Manhattan,1,10,110,2576.7,252.1,249.3
2019 / 03,Manhattan,1,11,111,2257.8,204.5,186.2
2019 / 03,Manhattan,1,12,112,4527.2,417,483.2
2019 / 03,Bronx,2,01,201,1876.6,116,133.6
2019 / 03,Bronx,2,02,202,1460.2,111.4,156.7
2019 / 03,Bronx,2,03,203,1874.5,122.7,162.1
2019 / 03,Bronx,2,04,204,3947,238.2,339
2019 / 03,Bronx,2,05,205,3469.6,204.7,316.3
2019 / 03,Bronx,2,06,206,2158.3,139,178
2019 / 03,Bronx,2,07,207,3632,270.2,422.1
2019 / 03,Bronx,2,08,208,2181.2,300.2,334.1
2019 / 03,Bronx,2,09,209,3640,201.2,328.8
2019 / 03,Bronx,2,10,210,2283.3,295.3,383.8
2019 / 03,Bronx,2,11,211,2731.7,278.9,306
2019 / 03,Bronx,2,12,212,3509.2,353.3,514
2019 / 03,Brooklyn,3,01,301,5412.1,640.3,451.8
2019 / 03,Brooklyn,3,02,302,2361.9,496.6,375.5
2019 / 03,Brooklyn,3,03,303,3868.5,341.5,329.1
2019 / 03,Brooklyn,3,04,304,2769.8,251.3,341.3
2019 / 03,Brooklyn,3,05,305,4122.7,238.8,349.8
2019 / 03,Brooklyn,3,06,306,1988,554.5,411.7
2019 / 03,Brooklyn,3,07,307,2995,379.2,379.1
2019 / 03,Brooklyn,3,08,308,2492.3,260.2,251.8
2019 / 03,Brooklyn,3,09,309,2812.2,274.9,233
2019 / 03,Brooklyn,3,10,310,2908.6,450.3,415.3
2019 / 03,Brooklyn,3,11,311,4500.6,560,488.2
2019 / 03,Brooklyn,3,12,312,6201.7,665.1,449.4
2019 / 03,Brooklyn,3,13,313,1904.8,181.7,211.6
2019 / 03,Brooklyn,3,14,314,4498.1,475.1,386.2
2019 / 03,Brooklyn,3,15,315,4147.1,561.9,464.8
2019 / 03,Brooklyn,3,16,316,2000.1,111.9,148.3
2019 / 03,Brooklyn,3,17,317,3872.5,282.6,395
2019 / 03,Brooklyn,3,18,318,4799.9,518.3,535.4
2019 / 03,Queens,4,01,401,3569.3,563.8,592.1
2019 / 03,Queens,4,02,402,2735.2,387.3,360
2019 / 03,Queens,4,03,403,4415.2,349.2,438.5
2019 / 03,Queens,4,04,404,3627.8,297.3,373.8
2019 / 03,Queens,4,05,405,4245.2,569.1,665
2019 / 03,Queens,4,06,406,2536.9,382.5,337.5
2019 / 03,Queens,4,07,407,5599.2,759,669
2019 / 03,Queens,4,08,408,3199.4,432.5,372.3
2019 / 03,Queens,4,09,409,3433.4,399.5,473.4
2019 / 03,Queens,4,10,410,3187.6,340.8,436.3
2019 / 03,Queens,4,11,411,2441.5,424,386.4
2019 / 03,Queens,4,12,412,5821.4,436.8,752.8
2019 / 03,Queens,4,13,413,4247.7,423.9,696.3
2019 / 03,Queens,4,14,414,2649,237.2,237.7
2019 / 03,Staten Island,5,01,501,4515.4,572,616.8
2019 / 03,Staten Island,5,02,502,3636.9,508.1,474.9
2019 / 03,Staten Island,5,03,503,5000.6,687.4,638.9
2019 / 02,Manhattan,1,01,101,1253.2,357.8,229.9
2019 / 02,Manhattan,1,02,102,1740.3,420.1,312
2019 / 02,Manhattan,1,03,103,2600.3,293.5,294.8
2019 / 02,Manhattan,1,04,104,2112.4,451.4,368.2
2019 / 02,Manhattan,1,05,105,1180.2,254.3,167.2
2019 / 02,Manhattan,1,06,106,2594.9,506.6,392.8
2019 / 02,Manhattan,1,07,107,4305.5,987.7,712.2
2019 / 02,Manhattan,1,08,108,4667.1,1045.4,754.4
2019 / 02,Manhattan,1,09,109,1956.4,235.8,241.7
2019 / 02,Manhattan,1,10,110,2356.6,228.1,237.8
2019 / 02,Manhattan,1,11,111,2029.3,186.7,175.1
2019 / 02,Manhattan,1,12,112,4199.9,391.7,457.1
2019 / 02,Bronx,2,01,201,1674.3,102.1,126.7
2019 / 02,Bronx,2,02,202,1318.1,94.1,138.8
2019 / 02,Bronx,2,03,203,1707.4,106.2,147.8
2019 / 02,Bronx,2,04,204,3513.9,194.7,297.3
2019 / 02,Bronx,2,05,205,3018.9,166.4,272.3
2019 / 02,Bronx,2,06,206,1921.2,117.2,167.9
2019 / 02,Bronx,2,07,207,3288.1,238.9,383.9
2019 / 02,Bronx,2,08,208,2031.4,275.6,321.5
2019 / 02,Bronx,2,09,209,3196.4,179.4,290.8
2019 / 02,Bronx,2,10,210,2066.2,267.1,345.9
2019 / 02,Bronx,2,11,211,2497.2,249.8,279.5
2019 / 02,Bronx,2,12,212,3111.1,310.7,456
2019 / 02,Brooklyn,3,01,301,4770.9,576.4,424
2019 / 02,Brooklyn,3,02,302,2193.8,449.6,357.6
2019 / 02,Brooklyn,3,03,303,3508.4,325.9,308.9
2019 / 02,Brooklyn,3,04,304,2542.7,226.2,301.1
2019 / 02,Brooklyn,3,05,305,3703.6,217,329.8
2019 / 02,Brooklyn,3,06,306,1840.9,488.7,381.2
2019 / 02,Brooklyn,3,07,307,2745.6,345.2,341.3
2019 / 02,Brooklyn,3,08,308,2291.2,256.9,240.6
2019 / 02,Brooklyn,3,09,309,2538.9,235,196.5
2019 / 02,Brooklyn,3,10,310,2729.8,413.9,374.1
2019 / 02,Brooklyn,3,11,311,4138.2,511.9,441
2019 / 02,Brooklyn,3,12,312,5363.2,578,368.2
2019 / 02,Brooklyn,3,13,313,1734.5,155.9,189.6
2019 / 02,Brooklyn,3,14,314,3990.2,414.8,330.9
2019 / 02,Brooklyn,3,15,315,3824.8,506.9,420.6
2019 / 02,Brooklyn,3,16,316,1793.2,93.6,133.5
2019 / 02,Brooklyn,3,17,317,3509.7,262.2,351
2019 / 02,Brooklyn,3,18,318,4275.3,463.5,476
2019 / 02,Queens,4,01,401,3339.1,515.8,541.5
2019 / 02,Queens,4,02,402,2517.9,361,336.7
2019 / 02,Queens,4,03,403,4046.6,315.3,403
2019 / 02,Queens,4,04,404,3363.3,282,345.5
2019 / 02,Queens,4,05,405,3820.4,527.9,598.5
2019 / 02,Queens,4,06,406,2328.2,352.4,309.1
2019 / 02,Queens,4,07,407,5097.7,679.9,598
2019 / 02,Queens,4,08,408,2878.2,398.1,336.8
2019 / 02,Queens,4,09,409,3125.6,370,424.3
2019 / 02,Queens,4,10,410,2861.1,311.8,388.6
2019 / 02,Queens,4,11,411,2146.2,393.6,352.9
2019 / 02,Queens,4,12,412,5185.9,393.2,676.5
2019 / 02,Queens,4,13,413,3728.5,380.2,622.3
2019 / 02,Queens,4,14,414,2378.8,204,198.9
2019 / 02,Staten Island,5,01,501,4049.1,519.8,553.3
2019 / 02,Staten Island,5,02,502,3259.7,468.6,427.9
2019 / 02,Staten Island,5,03,503,4392.4,638.3,586.1
2019 / 01,Manhattan,1,01,101,1393.9,395.2,248
2019 / 01,Manhattan,1,02,102,1897.3,525.8,387.6
2019 / 01,Manhattan,1,03,103,2843.3,350.9,334.7
2019 / 01,Manhattan,1,04,104,2410.1,521.4,411.3
2019 / 01,Manhattan,1,05,105,1306.3,330.3,220.1
2019 / 01,Manhattan,1,06,106,2934.9,579.5,447.3
2019 / 01,Manhattan,1,07,107,4949.6,1167.7,843.5
2019 / 01,Manhattan,1,08,108,5414.6,1240.9,889.5
2019 / 01,Manhattan,1,09,109,2213.9,269.6,271.3
2019 / 01,Manhattan,1,10,110,2728.2,314.4,299.5
2019 / 01,Manhattan,1,11,111,2358.8,246,228.5
2019 / 01,Manhattan,1,12,112,4763.7,527,611.2
2019 / 01,Bronx,2,01,201,1874.3,146.1,162.6
2019 / 01,Bronx,2,02,202,1505.1,105.7,168.1
2019 / 01,Bronx,2,03,203,1951.3,167.1,218.5
2019 / 01,Bronx,2,04,204,3932.8,258.3,380.4
2019 / 01,Bronx,2,05,205,3380.3,217,345
2019 / 01,Bronx,2,06,206,2133.2,189.7,244.7
2019 / 01,Bronx,2,07,207,3665.2,313,493.5
2019 / 01,Bronx,2,08,208,2321.9,393.9,432.7
2019 / 01,Bronx,2,09,209,3619.3,220.2,356.3
2019 / 01,Bronx,2,10,210,2354.8,330.3,423.8
2019 / 01,Bronx,2,11,211,2854.8,314.5,345.7
2019 / 01,Bronx,2,12,212,3463.8,394,565.4
2019 / 01,Brooklyn,3,01,301,5490.4,690.6,529.4
2019 / 01,Brooklyn,3,02,302,2499.9,559.7,435.8
2019 / 01,Brooklyn,3,03,303,4012.7,435.7,406.4
2019 / 01,Brooklyn,3,04,304,2898,271,376.4
2019 / 01,Brooklyn,3,05,305,4347,290.8,436.2
2019 / 01,Brooklyn,3,06,306,2165.5,618.2,462.5
2019 / 01,Brooklyn,3,07,307,3213.2,469.1,437
2019 / 01,Brooklyn,3,08,308,2607.7,350.8,328.9
2019 / 01,Brooklyn,3,09,309,3001,294.9,245.1
2019 / 01,Brooklyn,3,10,310,3211.1,558.6,492
2019 / 01,Brooklyn,3,11,311,4835.2,670,564.6
2019 / 01,Brooklyn,3,12,312,5974.5,678.9,454.6
2019 / 01,Brooklyn,3,13,313,1979.8,212.5,240
2019 / 01,Brooklyn,3,14,314,4595.5,514.3,398.2
2019 / 01,Brooklyn,3,15,315,4241.2,613.8,517.5
2019 / 01,Brooklyn,3,16,316,2074.2,121.7,163.6
2019 / 01,Brooklyn,3,17,317,4061.7,338.8,462.6
2019 / 01,Brooklyn,3,18,318,4937.8,596.6,612.6
2019 / 01,Queens,4,01,401,3847.5,675.7,689.9
2019 / 01,Queens,4,02,402,2907.8,478.5,447.3
2019 / 01,Queens,4,03,403,4646.6,382.3,505.2
2019 / 01,Queens,4,04,404,3845.6,357.7,439.6
2019 / 01,Queens,4,05,405,4479.5,679.7,773.2
2019 / 01,Queens,4,06,406,2681.7,442.1,390.1
2019 / 01,Queens,4,07,407,5957.7,865.5,736.4
2019 / 01,Queens,4,08,408,3355.2,472.8,414.5
2019 / 01,Queens,4,09,409,3614,473.5,543.9
2019 / 01,Queens,4,10,410,3334.7,386,490.6
2019 / 01,Queens,4,11,411,2549.8,535,460.8
2019 / 01,Queens,4,12,412,6025.1,474,831.2
2019 / 01,Queens,4,13,413,4384.7,478.7,786.8
2019 / 01,Queens,4,14,414,2815.3,246.2,262.2
2019 / 01,Staten Island,5,01,501,4667.4,672.2,694.3
2019 / 01,Staten Island,5,02,502,3772.6,608.1,538
2019 / 01,Staten Island,5,03,503,5233.1,848.8,740.2